,Name,Developability Index (Fv)
0,12e8_HL_clean,37.770218
1,15c8_HL_clean,41.746149
2,1a0q_HL_clean,33.594563
3,1a14_HL_clean,38.3468190000001
4,1a2y_BA_clean,41.994771
5,1a3l_HL_clean,61.4376099999999
6,1a3r_HL_clean,39.996412
7,1a4j_HL_clean,55.346515
8,1a4k_HL_clean,50.2037600000001
9,1a5f_HL_clean,34.716066
10,1a6t_BA_clean,34.55015
11,1a6u_HL_clean,52.0479010000001
12,1a6v_IM_clean,47.701587
13,1a6w_HL_clean,51.920454
14,1a7n_HL_clean,38.2677509999999
15,1a7o_HL_clean,38.247047
16,1a7p_HL_clean,37.7017
17,1a7q_HL_clean,47.1497629999999
18,1a7r_HL_clean,38.632383
19,1ad0_BA_clean,37.86672
20,1ad9_BA_clean,42.163557
21,1ai1_HL_clean,45.211995
22,1aif_HL_clean,55.954943
23,1aj7_HL_clean,33.403717
24,1ap2_DC_clean,44.360977
25,1aqk_HL_clean,58.8685759999999
26,1ar1_CD_clean,41.1448460000001
27,1axs_BA_clean,41.998012
28,1axt_HL_clean,47.8087429999999
29,1ay1_HL_clean,57.308374
30,1b2w_HL_clean,47.427583
31,1b4j_HL_clean,60.433646
32,1baf_HL_clean,48.3998129999999
33,1bbd_HL_clean,35.486223
34,1bfo_HG_clean,32.345027
35,1bfv_HL_clean,63.467308
36,1bgx_HL_clean,63.68498
37,1bj1_HL_clean,37.301105
38,1bln_BA_clean,41.750032
39,1bm3_HL_clean,32.2476280000001
40,1bog_BA_clean,46.286856
41,1bql_HL_clean,43.655692
42,1bvk_BA_clean,42.9226379999999
43,1bvl_AB_clean,44.546399
44,1bz7_BA_clean,33.773884
45,1c08_BA_clean,41.204558
46,1c12_BA_clean,40.386234
47,1c1e_HL_clean,64.0623479999999
48,1c5b_HL_clean,35.633522
49,1c5c_HL_clean,38.075402
50,1c5d_HL_clean,56.9411319999999
51,1cbv_HL_clean,53.342819
52,1ce1_HL_clean,17.736439
53,1cf8_HL_clean,49.223934
54,1cfn_BA_clean,49.210126
55,1cfq_BA_clean,52.0286209999999
56,1cfs_BA_clean,50.990751
57,1cft_BA_clean,48.9528199999999
58,1cfv_HL_clean,63.056585
59,1cgs_HL_clean,44.86906
60,1cic_DC_clean,26.1529
61,1ck0_HL_clean,27.684002
62,1clo_HL_clean,32.842555
63,1cly_HL_clean,55.3188440000001
64,1clz_HL_clean,53.2632120000001
65,1cr9_HL_clean,42.403954
66,1ct8_DC_clean,39.4170770000001
67,1cu4_HL_clean,42.5770960000001
68,1cz8_YX_clean,45.316717
69,1d5b_HL_clean,32.493437
70,1d5i_HL_clean,40.42516
71,1d6v_HL_clean,42.211287
72,1dba_HL_clean,67.7492710000001
73,1dbb_HL_clean,68.5788960000001
74,1dbj_HL_clean,68.895854
75,1dbm_HL_clean,69.9199750000001
76,1dee_BA_clean,41.3739590000001
77,1dfb_HL_clean,39.1731959999999
78,1dl7_HL_clean,50.282046
79,1dlf_HL_clean,54.511146
80,1dn0_BA_clean,36.697827
81,1dqd_HL_clean,49.5416409999999
82,1dqj_BA_clean,32.842028
83,1dql_HL_clean,44.29043
84,1dqq_BA_clean,34.373783
85,1dsf_HL_clean,72.5027509999999
86,1dvf_BA_clean,39.037419
87,1dzb_AA_clean,41.273149
88,1e4w_HL_clean,42.14349
89,1e4x_HL_clean,39.676901
90,1e6o_HL_clean,45.6758079999999
91,1eap_BA_clean,45.244543
92,1egj_HL_clean,37.572039
93,1ehl_HL_clean,50.433561
94,1ejo_HL_clean,47.031442
95,1emt_HL_clean,36.434238
96,1eo8_HL_clean,41.332896
97,1etz_BA_clean,57.192516
98,1ezv_XY_clean,50.464843
99,1f3d_HL_clean,46.9573229999999
100,1f4w_HL_clean,51.2328699999999
101,1f4x_HL_clean,49.342598
102,1f4y_HL_clean,50.6202169999999
103,1f58_HL_clean,47.377908
104,1f8t_HL_clean,50.865864
105,1f90_HL_clean,47.523119
106,1fai_HL_clean,37.0853660000001
107,1fdl_HL_clean,29.3334769999999
108,1fe8_HL_clean,31.4360029999999
109,1fgn_HL_clean,32.752364
110,1fgv_HL_clean,49.418085
111,1fh5_HL_clean,39.376516
112,1fj1_BA_clean,34.470128
113,1fl3_AB_clean,57.200448
114,1fl5_HL_clean,39.842694
115,1fl6_BA_clean,37.9888809999999
116,1flr_HL_clean,53.622561
117,1fn4_DC_clean,59.092916
118,1fns_HL_clean,38.052934
119,1for_HL_clean,39.22251
120,1frg_HL_clean,42.747071
121,1fsk_IH_clean,40.596935
122,1fvc_DC_clean,44.281438
123,1fvd_BA_clean,31.227581
124,1fve_DC_clean,33.037721
125,1g7h_BA_clean,38.2165239999999
126,1g7i_BA_clean,41.153622
127,1g7j_BA_clean,39.615826
128,1g7l_BA_clean,39.015399
129,1g7m_BA_clean,39.58358
130,1g9m_HL_clean,34.94918
131,1g9n_HL_clean,35.339618
132,1gaf_HL_clean,34.386146
133,1gc1_HL_clean,38.458169
134,1ggb_HL_clean,38.363339
135,1ggc_HL_clean,38.884796
136,1ggi_HL_clean,35.03978
137,1ghf_HL_clean,40.427664
138,1gig_HL_clean,63.636811
139,1gpo_IM_clean,30.735405
140,1h0d_BA_clean,49.465854
141,1h3p_HL_clean,39.843304
142,1h8n_AA_clean,49.292672
143,1h8o_BB_clean,59.46579
144,1h8s_BB_clean,58.160848
145,1hez_DC_clean,40.455616
146,1hh6_BA_clean,51.020007
147,1hh9_BA_clean,47.831225
148,1hi6_BA_clean,51.3533320000001
149,1hil_BA_clean,36.035363
150,1him_LH_clean,39.8268
151,1hkl_HL_clean,31.74352
152,1hq4_DC_clean,44.1606209999999
153,1hzh_KM_clean,18.991465
154,1i3g_HL_clean,50.965864
155,1i7z_BA_clean,43.299286
156,1i8i_BA_clean,48.1078079999999
157,1i8k_BA_clean,46.0437150000001
158,1i8m_BA_clean,38.860416
159,1i9i_HL_clean,52.9454660000001
160,1i9j_HL_clean,50.913861
161,1iai_HL_clean,38.619571
162,1ibg_HL_clean,51.801252
163,1ic4_HL_clean,42.335459
164,1ic5_HL_clean,43.504487
165,1ic7_HL_clean,43.879561
166,1ifh_HL_clean,40.997903
167,1igc_HL_clean,36.127828
168,1igf_JM_clean,48.4685869999999
169,1igi_HL_clean,51.08272
170,1igj_DC_clean,54.129207
171,1igm_HL_clean,51.390229
172,1igt_DC_clean,26.048445
173,1ikf_HL_clean,46.428509
174,1il1_AB_clean,37.085104
175,1ind_HL_clean,48.605053
176,1ine_HL_clean,49.275774
177,1iqd_BA_clean,34.3122369999999
178,1iqw_HL_clean,34.59984
179,1it9_HL_clean,36.089289
180,1j05_HL_clean,60.744547
181,1j1o_HL_clean,42.923245
182,1j1p_HL_clean,43.084379
183,1j1x_HL_clean,43.211133
184,1jfq_HL_clean,37.544424
185,1jgl_HL_clean,39.499877
186,1jgu_HL_clean,55.330262
187,1jgv_HL_clean,54.751993
188,1jhk_HL_clean,39.704096
189,1jhl_HL_clean,45.966182
190,1jn6_BA_clean,44.9786299999999
191,1jnh_HG_clean,46.575125
192,1jp5_AA_clean,56.5061539999999
193,1jps_HL_clean,34.291583
194,1jpt_HL_clean,34.295029
195,1jrh_HL_clean,41.437935
196,1jv5_BA_clean,49.280481
197,1k4c_AB_clean,42.30283
198,1k4d_AB_clean,43.9836959999999
199,1k6q_HL_clean,37.419668
200,1kb5_HL_clean,31.57018
201,1kb9_JK_clean,51.1528470000001
202,1kc5_HL_clean,42.7331510000001
203,1kcr_HL_clean,30.581593
204,1kcs_HL_clean,30.533888
205,1kcu_HL_clean,43.047917
206,1kcv_HL_clean,31.122977
207,1keg_HL_clean,50.997349
208,1kel_HL_clean,44.299041
209,1kem_HL_clean,43.915908
210,1kfa_IM_clean,45.229824
211,1kip_BA_clean,37.094448
212,1kiq_BA_clean,38.861797
213,1kir_BA_clean,35.9014730000001
214,1kn2_HL_clean,61.303225
215,1kn4_HL_clean,61.18595
216,1ktr_LL_clean,46.413942
217,1kyo_JK_clean,49.091221
218,1l7i_HL_clean,46.189464
219,1l7t_HL_clean,62.1034440000001
220,1lk3_IM_clean,43.150672
221,1lmk_AA_clean,91.0508369999999
222,1lo0_HL_clean,78.235419
223,1lo2_YX_clean,77.948277
224,1lo3_HL_clean,78.1305599999999
225,1lo4_HL_clean,57.683861
226,1m71_BA_clean,45.305362
227,1mam_HL_clean,35.837581
228,1mcp_HL_clean,40.826189
229,1mex_HL_clean,34.867036
230,1mf2_NM_clean,39.705445
231,1mfa_HL_clean,54.1025379999999
232,1mfb_HL_clean,40.3881160000001
233,1mfc_HL_clean,40.413829
234,1mfd_HL_clean,40.627385
235,1mfe_HL_clean,42.137776
236,1mh5_HL_clean,44.2765489999999
237,1mhp_HL_clean,29.948249
238,1mie_HL_clean,39.729306
239,1mim_HL_clean,32.498705
240,1mj7_HL_clean,39.60866
241,1mj8_HL_clean,60.052456
242,1mjj_HL_clean,49.5760580000001
243,1mju_HL_clean,51.5342100000001
244,1mlb_BA_clean,29.358618
245,1mlc_BA_clean,29.976976
246,1mnu_HL_clean,47.796053
247,1moe_BB_clean,78.382527
248,1mpa_HL_clean,42.3524610000001
249,1mqk_HL_clean,41.980494
250,1mrc_HL_clean,43.461987
251,1mrd_HL_clean,44.52028
252,1mre_HL_clean,38.433061
253,1mrf_HL_clean,40.491011
254,1mvu_BA_clean,48.055178
255,1n0x_KM_clean,26.311366
256,1n4x_HL_clean,57.652398
257,1n64_HL_clean,38.4581370000001
258,1n7m_LH_clean,35.990803
259,1n8z_BA_clean,33.4780180000001
260,1nak_HL_clean,34.817727
261,1nbv_HL_clean,55.333954
262,1nby_BA_clean,33.102704
263,1nc2_BA_clean,56.380281
264,1nc4_DC_clean,60.552274
265,1nca_HL_clean,41.968668
266,1ncb_HL_clean,41.5152309999999
267,1ncc_HL_clean,40.626487
268,1ncd_HL_clean,41.835932
269,1ncw_HL_clean,49.030162
270,1nd0_BA_clean,47.958919
271,1ndg_BA_clean,45.498154
272,1ndm_BA_clean,31.507847
273,1nfd_HG_clean,50.6750400000001
274,1ngp_HL_clean,41.3008789999999
275,1ngq_HL_clean,43.946174
276,1ngw_BA_clean,30.6046520000001
277,1ngx_BA_clean,29.4295570000001
278,1ngy_BA_clean,28.766142
279,1ngz_BA_clean,31.26201
280,1nj9_BA_clean,49.1666609999999
281,1nl0_HL_clean,43.0042729999999
282,1nlb_HL_clean,44.3542219999999
283,1nld_HL_clean,46.2957849999999
284,1nmb_HL_clean,35.325545
285,1nmc_HL_clean,35.132567
286,1nqb_CC_clean,79.471584
287,1nsn_HL_clean,38.585685
288,1oak_HL_clean,37.398374
289,1oaq_HL_clean,53.679658
290,1oar_JN_clean,52.681654
291,1oau_HL_clean,51.8916869999999
292,1oax_JN_clean,53.856732
293,1oay_JN_clean,50.288797
294,1oaz_HL_clean,50.05763
295,1ob1_BA_clean,45.721413
296,1ocw_HL_clean,56.3553580000001
297,1om3_HL_clean,62.9347119999999
298,1op3_MK_clean,59.5015250000001
299,1opg_HL_clean,38.9384589999999
300,1ors_BA_clean,41.371325
301,1osp_HL_clean,44.226242
302,1ots_EF_clean,68.0396479999999
303,1p2c_BA_clean,30.896792
304,1p4b_HL_clean,58.548441
305,1p4i_HL_clean,47.7664899999999
306,1p7k_BA_clean,41.2193730000001
307,1p84_JK_clean,50.6079879999999
308,1pg7_IM_clean,44.149555
309,1plg_HL_clean,36.532317
310,1psk_HL_clean,23.602822
311,1pz5_BA_clean,42.594922
312,1q0x_HL_clean,54.1213210000001
313,1q0y_HL_clean,50.952285
314,1q1j_IM_clean,65.060513
315,1q72_HL_clean,45.479329
316,1q9k_BA_clean,28.057276
317,1q9l_BA_clean,30.004342
318,1q9o_BA_clean,40.6321980000001
319,1q9w_DC_clean,37.053669
320,1qbl_HL_clean,31.701773
321,1qbm_HL_clean,31.474788
322,1qfu_HL_clean,40.3170459999999
323,1qkz_HL_clean,54.6316620000001
324,1qlr_DC_clean,35.318685
325,1qok_AA_clean,52.028054
326,1qyg_HL_clean,45.889807
327,1r0a_HL_clean,34.312111
328,1r3i_HL_clean,40.6725349999999
329,1r3j_BA_clean,40.8213309999999
330,1r3k_BA_clean,44.051876
331,1r3l_BA_clean,42.043807
332,1rfd_HL_clean,44.8773949999999
333,1rhh_DC_clean,41.5008269999999
334,1rih_HL_clean,43.395978
335,1riu_HL_clean,45.80146
336,1riv_HL_clean,45.302177
337,1rjl_BA_clean,28.418456
338,1rmf_HL_clean,58.1467340000001
339,1ru9_HL_clean,48.184649
340,1rua_HL_clean,48.618279
341,1ruk_HL_clean,49.289482
342,1rul_HL_clean,48.868291
343,1rum_HL_clean,48.131815
344,1rup_HL_clean,48.817209
345,1ruq_HL_clean,61.55826
346,1rur_HL_clean,58.779178
347,1rz7_HL_clean,37.105934
348,1rz8_BA_clean,37.730868
349,1rzf_HL_clean,41.585927
350,1rzg_CD_clean,36.965484
351,1rzi_HG_clean,35.35899
352,1rzj_HL_clean,43.043476
353,1rzk_HL_clean,41.440742
354,1s3k_HL_clean,34.555504
355,1s5h_BA_clean,44.537951
356,1s5i_HL_clean,46.5531649999999
357,1sbs_HL_clean,43.227212
358,1seq_HL_clean,50.4207399999999
359,1sm3_HL_clean,44.133207
360,1svz_BB_clean,56.4040300000001
361,1sy6_HL_clean,30.176984
362,1t2q_HL_clean,58.269153
363,1t3f_BA_clean,38.109242
364,1t4k_DC_clean,45.510037
365,1t66_DC_clean,45.938443
366,1tet_HL_clean,46.492017
367,1tjg_HL_clean,54.805635
368,1tjh_HL_clean,52.752202
369,1tji_HL_clean,51.639584
370,1tpx_BC_clean,51.51669
371,1tqb_BC_clean,51.612599
372,1tqc_BC_clean,51.007515
373,1tzg_IM_clean,45.4296409999999
374,1tzh_BA_clean,50.028736
375,1tzi_BA_clean,52.035813
376,1u6a_HL_clean,37.801896
377,1u8h_BA_clean,64.5123529999999
378,1u8i_BA_clean,64.375034
379,1u8j_BA_clean,64.4645139999999
380,1u8k_BA_clean,58.552118
381,1u8l_BA_clean,64.1325460000001
382,1u8m_BA_clean,64.4594319999999
383,1u8n_BA_clean,64.5195630000001
384,1u8q_BA_clean,64.582879
385,1u91_BA_clean,64.4653830000001
386,1u92_BA_clean,64.9000950000001
387,1u93_BA_clean,64.4710819999999
388,1u95_BA_clean,64.40742
389,1ua6_HL_clean,47.414964
390,1uac_HL_clean,45.134037
391,1ub5_AB_clean,61.530552
392,1ub6_HL_clean,58.300542
393,1ucb_HL_clean,54.679182
394,1uj3_BA_clean,42.928582
395,1um4_HL_clean,32.571657
396,1um5_HL_clean,37.4314270000001
397,1um6_HL_clean,38.507704
398,1uwg_HL_clean,60.472477
399,1uwx_MK_clean,51.524209
400,1uyw_HL_clean,31.5283000000001
401,1uz6_WV_clean,50.028941
402,1uz8_HL_clean,54.836585
403,1v7m_IM_clean,41.1285
404,1vfa_BA_clean,39.873483
405,1vfb_BA_clean,38.5296639999999
406,1vge_HL_clean,20.036812
407,1vpo_HL_clean,59.2791769999999
408,1w72_IM_clean,46.120434
409,1wc7_BA_clean,31.729306
410,1wcb_BA_clean,33.359067
411,1wej_HL_clean,32.835624
412,1wt5_AC_clean,57.6148540000001
413,1wz1_HL_clean,58.3327389999999
414,1x9q_AA_clean,61.478552
415,1xf2_BA_clean,39.15688
416,1xf3_BA_clean,38.7121510000001
417,1xf4_BA_clean,38.918343
418,1xf5_DC_clean,43.645984
419,1xgp_BA_clean,32.417212
420,1xgq_BA_clean,31.999537
421,1xgr_BA_clean,35.09509
422,1xgt_BA_clean,33.293643
423,1xgu_BA_clean,33.228917
424,1xgy_HL_clean,41.4226290000001
425,1xiw_HG_clean,46.202228
426,1y0l_HL_clean,54.409252
427,1y18_DC_clean,58.949501
428,1yec_HL_clean,61.142519
429,1yee_HL_clean,71.453958
430,1yef_HL_clean,61.856481
431,1yeg_HL_clean,61.481645
432,1yeh_HL_clean,61.3427080000001
433,1yei_HL_clean,62.144822
434,1yej_HL_clean,58.3872130000002
435,1yek_HL_clean,63.561595
436,1yjd_HL_clean,43.123489
437,1ymh_DC_clean,45.395632
438,1ynk_HL_clean,53.334411
439,1ynl_HL_clean,50.4258649999999
440,1yqv_HL_clean,41.165819
441,1yy8_DC_clean,44.146061
442,1yy9_DC_clean,51.2916650000001
443,1yyl_HL_clean,46.816318
444,1yym_HL_clean,47.067152
445,1za6_BA_clean,33.314052
446,1zan_HL_clean,33.274457
447,1zea_HL_clean,49.7593290000001
448,1zls_HL_clean,60.1280439999999
449,1zlu_MK_clean,61.0016009999999
450,1zlv_MK_clean,61.52741
451,1zlw_MK_clean,62.6287009999999
452,1ztx_HL_clean,33.897815
453,1zwi_AB_clean,44.010025
454,25c8_HL_clean,44.240496
455,2a1w_IM_clean,49.93584
456,2a6d_HL_clean,36.264952
457,2a6i_BA_clean,33.299962
458,2a6j_BA_clean,33.8344709999999
459,2a77_HL_clean,51.976722
460,2a9m_HL_clean,52.65686
461,2aab_HL_clean,48.362274
462,2adf_HL_clean,36.378822
463,2adg_BA_clean,41.2886020000001
464,2adi_BA_clean,39.894884
465,2adj_BA_clean,41.3114590000001
466,2aep_HL_clean,37.998126
467,2agj_HL_clean,31.699765
468,2ai0_KO_clean,42.469582
469,2aj3_FE_clean,44.4195229999999
470,2ajs_HL_clean,33.277525
471,2aju_HL_clean,32.234623
472,2ajv_HL_clean,34.8233409999999
473,2ajx_HL_clean,33.698638
474,2ajy_HL_clean,33.9521669999999
475,2ajz_HL_clean,35.7453590000001
476,2ak1_HL_clean,35.9704150000001
477,2ap2_AA_clean,45.80236
478,2arj_HL_clean,45.95763
479,2atk_AB_clean,42.646177
480,2b0s_HL_clean,40.776595
481,2b1a_HL_clean,41.045464
482,2b1h_HL_clean,40.251222
483,2b2x_HL_clean,36.421531
484,2bdn_HL_clean,32.882371
485,2bfv_HL_clean,59.934373
486,2bjm_HL_clean,50.8419069999999
487,2bmk_HL_clean,33.587594
488,2bob_AB_clean,44.171815
489,2brr_HL_clean,44.861423
490,2c1o_BA_clean,54.03556
491,2c1p_BA_clean,53.347273
492,2cgr_HL_clean,39.876289
493,2ck0_HL_clean,25.614578
494,2cmr_HL_clean,45.843493
495,2d03_HL_clean,56.0682460000001
496,2d7t_HL_clean,43.604693
497,2dbl_HL_clean,66.4651009999999
498,2dd8_HL_clean,46.092297
499,2ddq_HL_clean,50.765773
500,2dlf_HL_clean,57.002662
501,2dqc_HL_clean,43.1344739999999
502,2dqd_HL_clean,41.362992
503,2dqe_HL_clean,39.807809
504,2dqf_ED_clean,39.061804
505,2dqg_HL_clean,42.3231939999999
506,2dqh_HL_clean,40.229671
507,2dqi_HL_clean,41.2293799999999
508,2dqj_HL_clean,42.212118
509,2dqt_HL_clean,54.377055
510,2dqu_HL_clean,56.597129
511,2dtm_HL_clean,46.6977289999999
512,2dwd_AB_clean,44.8411220000001
513,2dwe_AB_clean,41.235123
514,2e27_HL_clean,35.115675
515,2eh7_HL_clean,38.836088
516,2eh8_HL_clean,42.0104000000001
517,2eiz_BA_clean,54.1965670000001
518,2eks_BA_clean,53.977611
519,2f19_HL_clean,39.878756
520,2f58_HL_clean,42.439082
521,2f5a_HL_clean,53.990876
522,2f5b_HL_clean,60.201193
523,2fat_HL_clean,42.286383
524,2fb4_HL_clean,48.493686
525,2fbj_HL_clean,65.6963259999999
526,2fd6_HL_clean,43.084434
527,2fjf_IG_clean,64.477045
528,2fjg_HL_clean,53.907337
529,2fr4_HL_clean,47.6262769999999
530,2fx7_HL_clean,42.942486
531,2fx8_JN_clean,43.811757
532,2fx9_HL_clean,48.537722
533,2g2r_HL_clean,54.599302
534,2g5b_DC_clean,35.120692
535,2g60_HL_clean,63.292961
536,2g75_AB_clean,46.7010570000001
537,2gcy_BA_clean,44.0383969999999
538,2ghw_DD_clean,41.717791
539,2gjj_BB_clean,50.497567
540,2gjz_BA_clean,55.269709
541,2gk0_HL_clean,45.173069
542,2gki_BB_clean,66.422929
543,2gsg_BA_clean,47.6858059999999
544,2gsi_FE_clean,42.579677
545,2h1p_HL_clean,49.482055
546,2h8p_AB_clean,42.0622629999999
547,2h9g_HL_clean,41.908746
548,2hfe_AB_clean,43.120511
549,2hff_BA_clean,37.817137
550,2hfg_HL_clean,49.938738
551,2hg5_AB_clean,41.884684
552,2hh0_HL_clean,44.664401
553,2hjf_AB_clean,41.062144
554,2hkf_HL_clean,55.902907
555,2hkh_HL_clean,59.46027
556,2hmi_DC_clean,34.328125
557,2hrp_HL_clean,44.391323
558,2hvj_AB_clean,43.148256
559,2hvk_AB_clean,42.246119
560,2hwz_HL_clean,27.919828
561,2i5y_RQ_clean,48.108787
562,2i60_HL_clean,43.9139529999999
563,2ibz_XY_clean,50.3542650000001
564,2iff_HL_clean,43.539168
565,2igf_HL_clean,50.156824
566,2ih1_AB_clean,40.9331709999999
567,2ih3_AB_clean,42.1418460000001
568,2ipt_HL_clean,52.667382
569,2ipu_GK_clean,50.802294
570,2iq9_HL_clean,50.8963739999999
571,2iqa_BA_clean,47.9826830000001
572,2itd_AB_clean,43.2778389999999
573,2j4w_HL_clean,44.865362
574,2j5l_CB_clean,42.8962
575,2j88_HL_clean,40.257773
576,2jb5_HL_clean,47.224897
577,2jb6_BA_clean,41.1179
578,2jel_HL_clean,47.0279779999999
579,2jk5_AB_clean,43.815112
580,2mpa_HL_clean,43.749775
581,2nlj_BA_clean,43.124902
582,2nr6_FE_clean,38.075985
583,2nxy_DC_clean,41.579781
584,2nxz_DC_clean,42.906761
585,2ny0_DC_clean,43.170195
586,2ny1_DC_clean,44.247611
587,2ny2_DC_clean,40.9986139999999
588,2ny3_DC_clean,44.1720249999999
589,2ny4_DC_clean,41.9188480000001
590,2ny5_HL_clean,40.373529
591,2ny6_DC_clean,39.133011
592,2ny7_HL_clean,25.574263
593,2nyy_DC_clean,45.8744860000001
594,2o5x_HL_clean,47.9907930000001
595,2o5y_HL_clean,47.483149
596,2o5z_HL_clean,47.1222059999999
597,2ojz_IM_clean,58.097999
598,2ok0_HL_clean,60.8453040000001
599,2op4_HL_clean,52.650769
600,2oqj_ED_clean,59.2229309999999
601,2or9_IM_clean,48.5435170000001
602,2orb_IM_clean,29.138508
603,2osl_HL_clean,38.3966049999999
604,2otu_DC_clean,43.6894069999999
605,2otw_BA_clean,46.013715
606,2oz4_HL_clean,34.340137
607,2p7t_AB_clean,42.3853099999999
608,2p8l_BA_clean,62.011204
609,2p8m_BA_clean,37.400287
610,2p8p_BA_clean,62.2224870000001
611,2pcp_DC_clean,36.2748039999999
612,2pr4_HL_clean,41.282144
613,2pw1_BA_clean,61.372201
614,2pw2_BA_clean,59.259089
615,2q76_BA_clean,30.267066
616,2q8a_HL_clean,49.8560200000001
617,2q8b_HL_clean,55.714677
618,2qhr_HL_clean,40.795679
619,2qqk_HL_clean,33.993791
620,2qqn_HL_clean,50.550154
621,2qsc_HL_clean,36.046261
622,2r0l_HL_clean,38.039387
623,2r0w_HL_clean,49.592784
624,2r0z_HL_clean,48.847164
625,2r1w_BA_clean,30.502514
626,2r1x_BA_clean,30.262637
627,2r1y_BA_clean,30.489288
628,2r23_BA_clean,32.487186
629,2r2b_BA_clean,30.873235
630,2r2e_BA_clean,31.234226
631,2r2h_BA_clean,32.28034
632,2r56_IM_clean,18.564024
633,2r8s_HL_clean,28.580802
634,2rcs_HL_clean,39.755422
635,2uud_JK_clean,55.971159
636,2uyl_BA_clean,36.848815
637,2uzi_HL_clean,55.677471
638,2v17_HL_clean,40.841807
639,2v7h_BA_clean,33.886837
640,2v7n_BA_clean,44.697822
641,2vdk_HL_clean,44.250445
642,2vdl_HL_clean,45.015585
643,2vdm_HL_clean,44.8808
644,2vdn_HL_clean,45.583129
645,2vdo_HL_clean,45.3067160000001
646,2vdp_HL_clean,45.175491
647,2vdq_HL_clean,44.717797
648,2vdr_HL_clean,44.8854949999999
649,2vh5_HL_clean,59.572843
650,2vl5_CD_clean,43.356598
651,2vq1_FE_clean,39.859802
652,2vxs_JN_clean,36.6799120000001
653,2vxt_HL_clean,36.98917
654,2vxu_IM_clean,36.9349109999999
655,2vxv_HL_clean,38.821929
656,2w0f_AB_clean,47.002089
657,2w60_AB_clean,54.786799
658,2w65_CD_clean,56.884448
659,2w9d_HL_clean,37.47963
660,2w9e_HL_clean,36.123122
661,2wub_RQ_clean,50.949014
662,2wuc_HL_clean,45.806932
663,2xa8_HL_clean,31.682756
664,2xkn_BA_clean,35.279267
665,2xqb_HL_clean,53.465459
666,2xqy_GL_clean,42.0124920000001
667,2xra_HL_clean,35.3058
668,2xtj_DB_clean,67.1716680000001
669,2xwt_AB_clean,52.7980470000001
670,2xza_HL_clean,39.13315
671,2xzc_HL_clean,38.8258569999999
672,2xzq_HL_clean,44.6119070000001
673,2y06_HL_clean,48.137492
674,2y07_HL_clean,49.3663730000001
675,2y36_HL_clean,47.442681
676,2y5t_AB_clean,39.4322979999999
677,2y6s_HL_clean,48.8279360000001
678,2ybr_DE_clean,46.714133
679,2yc1_AB_clean,47.390486
680,2yk1_HL_clean,60.7444559999999
681,2ykl_HL_clean,61.386671
682,2ymx_HL_clean,34.097974
683,2ypv_HL_clean,38.8662190000001
684,2yss_BA_clean,51.6112900000001
685,2z4q_BA_clean,39.321344
686,2z91_CD_clean,41.950092
687,2z92_AB_clean,37.7396620000001
688,2zch_HL_clean,42.7119869999999
689,2zkh_HL_clean,41.6483550000001
690,2zpk_HL_clean,49.7303069999999
691,35c8_HL_clean,42.91862
692,3a67_HL_clean,42.5794080000001
693,3a6b_HL_clean,41.8610950000001
694,3a6c_HL_clean,42.453225
695,3aaz_HL_clean,32.308244
696,3auv_FF_clean,76.9330160000001
697,3b2u_FG_clean,54.325999
698,3b9k_HL_clean,42.672622
699,3bae_HL_clean,44.5107000000001
700,3bdy_HL_clean,36.5649140000001
701,3be1_HL_clean,43.368932
702,3bkc_HL_clean,48.637006
703,3bkj_HL_clean,47.59386
704,3bkm_HL_clean,43.394803
705,3bky_HL_clean,41.673385
706,3bn9_DC_clean,36.860235
707,3bpc_BA_clean,30.684099
708,3bt2_HL_clean,44.9685139999999
709,3bz4_HG_clean,42.965216
710,3c08_HL_clean,28.401449
711,3c2a_HL_clean,63.885369
712,3c5s_BA_clean,39.143363
713,3c6s_HG_clean,45.444745
714,3cfb_HL_clean,56.267094
715,3cfc_HL_clean,54.8930849999999
716,3cfd_HL_clean,25.546479
717,3cfe_HL_clean,28.271609
718,3cfj_BA_clean,50.677315
719,3cfk_PO_clean,55.073045
720,3cle_HL_clean,39.369793
721,3clf_HL_clean,42.797605
722,3cmo_HL_clean,45.1494069999999
723,3cvh_HL_clean,54.16329
724,3cvi_HL_clean,47.8747059999999
725,3cx5_UV_clean,49.5039289999999
726,3cxd_HL_clean,44.0405659999999
727,3cxh_UV_clean,45.6087699999999
728,3d0l_BA_clean,36.343557
729,3d0v_BA_clean,64.618128
730,3d85_BA_clean,31.559383
731,3d9a_HL_clean,32.202535
732,3det_CD_clean,67.9452180000002
733,3dgg_DC_clean,45.862494
734,3dif_DC_clean,38.3845320000001
735,3drq_BA_clean,39.314344
736,3dsf_HL_clean,41.4221990000001
737,3dur_BA_clean,43.6516130000001
738,3dus_BA_clean,41.6831769999999
739,3duu_BA_clean,41.639891
740,3dv4_BA_clean,43.398713
741,3dv6_BA_clean,41.682378
742,3dvg_BA_clean,40.8522059999999
743,3dvn_BA_clean,43.309267
744,3e8u_HL_clean,41.523214
745,3efd_HL_clean,46.492888
746,3ehb_CD_clean,43.966458
747,3ejz_CD_clean,64.7680429999999
748,3eo0_DC_clean,58.356199
749,3eo9_HL_clean,36.779832
750,3eoa_HL_clean,24.775843
751,3eot_HL_clean,40.948059
752,3esu_FF_clean,51.558351
753,3esv_GG_clean,48.094477
754,3et9_FF_clean,55.968781
755,3eyf_BA_clean,38.412547
756,3eyo_BA_clean,37.303963
757,3eyq_DC_clean,34.5937630000001
758,3eys_HL_clean,48.6589609999999
759,3eyu_HL_clean,48.529861
760,3eyv_BA_clean,39.8117470000001
761,3f12_BA_clean,46.520234
762,3f58_HL_clean,43.1871979999999
763,3fb5_AB_clean,43.050809
764,3fct_DC_clean,32.039605
765,3ffd_AB_clean,42.517535
766,3fn0_HL_clean,63.087512
767,3fo0_HL_clean,49.706339
768,3fo1_HL_clean,50.620788
769,3fo2_BA_clean,50.980548
770,3fo9_HL_clean,51.483207
771,3fzu_CD_clean,28.9979539999999
772,3g04_BA_clean,45.0516040000001
773,3g5v_BA_clean,34.378773
774,3g5x_BA_clean,42.16146
775,3g5y_BA_clean,42.970811
776,3g5z_BA_clean,39.626302
777,3g6a_HL_clean,55.402877
778,3gb7_AB_clean,43.344102
779,3gbm_HL_clean,60.876696
780,3gbn_HL_clean,61.307756
781,3ggw_BA_clean,44.0097880000001
782,3ghb_HL_clean,65.2629110000001
783,3ghe_HL_clean,50.168016
784,3gi8_HL_clean,41.3515250000001
785,3gi9_HL_clean,39.110358
786,3giz_HL_clean,44.455855
787,3gje_BA_clean,44.142946
788,3gjf_HL_clean,43.614085
789,3gk8_HL_clean,44.4077279999999
790,3gkw_HL_clean,31.202001
791,3gkz_AA_clean,44.409753
792,3gm0_AA_clean,44.1949499999999
793,3gnm_HL_clean,57.161801
794,3go1_HL_clean,46.145157
795,3grw_HL_clean,57.2012460000001
796,3h0t_BA_clean,37.2745979999999
797,3h3b_DD_clean,50.02011
798,3h3p_IM_clean,58.786076
799,3h42_HL_clean,53.391602
800,3hae_HL_clean,45.355807
801,3hb3_CD_clean,44.477935
802,3hc0_HL_clean,34.289503
803,3hc3_HL_clean,35.010088
804,3hc4_HL_clean,36.152571
805,3hi1_HL_clean,38.609243
806,3hi5_HL_clean,47.8094229999999
807,3hi6_HL_clean,40.772307
808,3hns_HL_clean,34.410575
809,3hnt_HL_clean,32.879174
810,3hnv_HL_clean,34.498585
811,3hr5_IP_clean,41.108115
812,3hzk_BA_clean,25.754299
813,3hzm_BA_clean,23.241195
814,3hzv_BA_clean,24.144352
815,3hzy_BA_clean,30.496668
816,3i02_BA_clean,33.954461
817,3i2c_HL_clean,58.1704
818,3i75_BA_clean,56.6674499999999
819,3i9g_HL_clean,54.5731640000001
820,3idg_BA_clean,62.801169
821,3idi_BA_clean,38.449314
822,3idj_BA_clean,62.1773339999999
823,3idm_BA_clean,61.9171640000001
824,3idn_BA_clean,64.7727279999999
825,3idx_HL_clean,30.349723
826,3iet_DC_clean,32.9810120000001
827,3if1_DC_clean,32.202622
828,3ifl_HL_clean,42.216266
829,3ifn_HL_clean,45.295346
830,3ifo_AB_clean,47.7627549999999
831,3ifp_EF_clean,47.156514
832,3iga_AB_clean,42.676709
833,3ijh_BA_clean,34.00896
834,3ijs_DC_clean,34.796811
835,3ijy_BA_clean,36.028061
836,3ikc_BA_clean,36.152587
837,3inu_HL_clean,40.8341620000001
838,3iu3_AB_clean,34.422356
839,3iu4_HL_clean,26.4920720000001
840,3ixt_HL_clean,29.7288050000001
841,3juy_CC_clean,41.071848
842,3jwd_PO_clean,35.358247
843,3k2u_HL_clean,49.462999
844,3kdm_HL_clean,41.439069
845,3klh_DC_clean,33.442419
846,3kr3_HL_clean,25.790778
847,3ks0_KJ_clean,40.090538
848,3kym_JI_clean,39.8715220000001
849,3l1o_HL_clean,40.154841
850,3l5w_BA_clean,31.3543589999999
851,3l5x_HL_clean,44.6136429999999
852,3l5y_HL_clean,43.9173110000001
853,3l7e_BA_clean,30.000264
854,3l7f_HL_clean,44.140693
855,3l95_BA_clean,29.610453
856,3ld8_CB_clean,34.957086
857,3ldb_CB_clean,34.3605809999999
858,3lev_HL_clean,52.715664
859,3lex_HL_clean,47.4220860000001
860,3ley_HL_clean,61.0129
861,3lh2_KO_clean,58.9693639999999
862,3lhp_HL_clean,52.4137929999999
863,3liz_HL_clean,46.299132
864,3lmj_HL_clean,58.77926
865,3lrs_CD_clean,44.2425000000001
866,3ls4_HL_clean,45.5820579999999
867,3ls5_HL_clean,44.4690380000001
868,3lzf_HL_clean,57.883507
869,3m8o_HL_clean,34.7803879999999
870,3ma9_HL_clean,65.340785
871,3mac_HL_clean,70.890078
872,3mbx_HL_clean,30.7981309999999
873,3mck_HL_clean,47.751204
874,3mcl_HL_clean,24.1329490000001
875,3mj8_HL_clean,44.5740100000001
876,3mj9_HL_clean,45.440134
877,3mlr_HL_clean,54.462839
878,3mls_JN_clean,53.729973
879,3mlt_HL_clean,53.488256
880,3mlu_HL_clean,59.7418140000001
881,3mlv_NM_clean,59.0335049999999
882,3mlw_HL_clean,37.3706969999999
883,3mlx_IM_clean,46.855933
884,3mly_HL_clean,49.72059
885,3mlz_HL_clean,49.053188
886,3mnv_DC_clean,30.366554
887,3mnw_BA_clean,39.62229
888,3mnz_BA_clean,43.738684
889,3mo1_BA_clean,36.407792
890,3moa_HL_clean,57.8206860000001
891,3mob_HL_clean,58.037567
892,3mod_HL_clean,59.6584669999999
893,3mug_DC_clean,57.1985839999999
894,3mxv_HL_clean,38.798469
895,3mxw_HL_clean,41.8557
896,3n9g_HL_clean,38.263352
897,3na9_HL_clean,44.8129550000001
898,3naa_HL_clean,44.618972
899,3nab_HL_clean,48.581129
900,3nac_HL_clean,42.162896
901,3ncj_HL_clean,46.296656
902,3nfp_HL_clean,37.9301169999999
903,3nfs_HL_clean,34.780852
904,3ngb_BC_clean,54.805536
905,3nh7_KO_clean,53.235317
906,3nid_HL_clean,45.7896830000001
907,3nif_EF_clean,44.8763559999999
908,3nig_EF_clean,46.0318720000001
909,3nps_BC_clean,34.561536
910,3ntc_HL_clean,36.7818099999999
911,3nz8_AB_clean,41.597416
912,3nzh_HL_clean,39.224362
913,3o0r_HL_clean,51.573937
914,3o11_HL_clean,20.623537
915,3o2d_HL_clean,32.152674
916,3o2v_HL_clean,46.222388
917,3o2w_HL_clean,48.2638090000001
918,3o41_HL_clean,42.313546
919,3o45_AB_clean,38.1365960000001
920,3o6k_HL_clean,47.636962
921,3o6l_HL_clean,47.2125679999999
922,3o6m_HL_clean,49.9179120000001
923,3oau_HL_clean,46.8611460000001
924,3oay_HL_clean,58.2472040000001
925,3oaz_MK_clean,60.185064
926,3ob0_MK_clean,62.31726
927,3ojd_BA_clean,41.887376
928,3okd_BA_clean,32.203568
929,3oke_BA_clean,28.653991
930,3okk_BA_clean,28.9036010000001
931,3okl_BA_clean,31.7712219999999
932,3okm_BA_clean,34.886182
933,3okn_BA_clean,30.040395
934,3oko_BA_clean,27.490547
935,3or6_AB_clean,41.5548500000001
936,3or7_AB_clean,42.3627730000001
937,3oz9_HL_clean,58.705476
938,3p0v_IM_clean,35.51652
939,3p0y_HL_clean,36.942858
940,3pgf_HL_clean,47.569457
941,3pho_BA_clean,48.918334
942,3phq_BA_clean,51.5503199999999
943,3pnw_WV_clean,52.318688
944,3pp3_HL_clean,60.8842660000001
945,3pp4_HL_clean,61.826553
946,3q1s_HL_clean,65.4146739999999
947,3q3g_KJ_clean,34.8714980000001
948,3q6g_HL_clean,43.791237
949,3qct_HL_clean,59.387233
950,3qcu_HL_clean,65.112934
951,3qcv_IM_clean,63.700586
952,3qeg_HL_clean,40.1639659999999
953,3qeh_CD_clean,39.621608
954,3qg6_HL_clean,46.915154
955,3qg7_HL_clean,40.8189380000001
956,3qhf_HL_clean,44.8707329999999
957,3qhz_IM_clean,43.228203
958,3qnx_BA_clean,31.378565
959,3qny_DC_clean,36.612149
960,3qnz_BA_clean,36.85656
961,3qo0_BA_clean,29.2706140000001
962,3qo1_BA_clean,29.232451
963,3qos_HL_clean,43.1621709999999
964,3qot_HL_clean,40.999438
965,3qpq_HL_clean,45.571364
966,3qpx_HL_clean,34.267264
967,3qq9_DC_clean,43.776376
968,3qrg_HL_clean,42.83305
969,3qwo_HL_clean,31.079602
970,3r06_DC_clean,50.424845
971,3r1g_HL_clean,43.7042259999999
972,3ra7_HL_clean,47.345827
973,3rkd_DC_clean,42.538782
974,3rpi_HL_clean,36.8086440000001
975,3ru8_HL_clean,30.707059
976,3rvt_DC_clean,47.7838009999999
977,3rvu_DC_clean,51.461825
978,3rvv_DC_clean,45.493714
979,3rvw_DC_clean,48.65326
980,3rvx_DC_clean,48.466497
981,3s34_HL_clean,47.354263
982,3s35_HL_clean,49.099627
983,3s37_HL_clean,46.542202
984,3s96_AB_clean,70.171902
985,3sdy_HL_clean,38.2686849999999
986,3se8_HL_clean,64.9379139999999
987,3se9_HL_clean,46.6028249999999
988,3sgd_JI_clean,42.208727
989,3sge_HL_clean,46.204264
990,3skj_HL_clean,45.26264
991,3so3_CB_clean,44.383157
992,3sob_HL_clean,38.962932
993,3sqo_HL_clean,34.956924
994,3stl_AB_clean,42.0531180000001
995,3stz_AB_clean,41.692752
996,3sy0_BA_clean,27.6172590000001
997,3t2n_HL_clean,45.3374179999999
998,3t3m_HL_clean,45.543989
999,3t3p_HL_clean,46.1077689999999
1000,3t4y_BA_clean,30.484191
1001,3t65_BA_clean,30.129396
1002,3t77_BA_clean,32.041042
1003,3tcl_AB_clean,33.950749
1004,3tnm_AB_clean,31.968781
1005,3tnn_HL_clean,25.761139
1006,3u0t_DC_clean,60.5435099999999
1007,3u0w_HL_clean,40.800437
1008,3u1s_HL_clean,43.763969
1009,3u2s_HL_clean,41.326207
1010,3u30_CB_clean,38.747359
1011,3u46_AB_clean,40.10885
1012,3u4b_HL_clean,38.8255999999999
1013,3u4e_AB_clean,42.6056249999999
1014,3u6r_AB_clean,68.450527
1015,3u7w_HL_clean,39.707009
1016,3u7y_HL_clean,43.920032
1017,3uc0_IM_clean,44.753387
1018,3uji_HL_clean,51.289652
1019,3ujj_HL_clean,36.284837
1020,3ujt_HL_clean,38.4010559999999
1021,3uls_BA_clean,49.4456399999999
1022,3umt_AA_clean,34.540605
1023,3uo1_HL_clean,52.4057190000001
1024,3utz_CD_clean,49.4936219999999
1025,3ux9_BB_clean,62.638783
1026,3uyp_AA_clean,49.538999
1027,3uyr_HL_clean,50.5235
1028,3uze_BB_clean,55.1755620000001
1029,3uzq_AA_clean,48.072067
1030,3uzv_BB_clean,54.298807
1031,3v0v_HL_clean,26.293255
1032,3v0w_HL_clean,24.393635
1033,3v4u_HL_clean,52.733285
1034,3v52_HL_clean,51.733947
1035,3v6f_HL_clean,34.068695
1036,3v6o_DF_clean,39.428483
1037,3vfg_HL_clean,43.9377869999999
1038,3vg0_HL_clean,45.8147739999999
1039,3vg9_CB_clean,45.369291
1040,3vi3_FE_clean,56.3460810000001
1041,3vi4_HL_clean,54.6319910000001
1042,3vw3_HL_clean,50.0933530000001
1043,3w9d_AB_clean,43.7096289999999
1044,3w9e_AB_clean,38.198542
1045,3wbd_BB_clean,46.042078
1046,3we6_AB_clean,63.402304
1047,3wfb_HL_clean,50.4446040000001
1048,3wfc_HL_clean,51.734409
1049,3wfd_HL_clean,52.506089
1050,3wfe_HL_clean,52.7935890000001
1051,3wfh_AB_clean,59.142589
1052,3whx_AB_clean,60.1274709999999
1053,3wif_AB_clean,59.7706
1054,3wih_HL_clean,33.195511
1055,3wii_HL_clean,32.616432
1056,3wkm_HL_clean,52.2670030000001
1057,3wxv_HL_clean,48.294751
1058,3wxw_HL_clean,50.551819
1059,3x3f_HL_clean,39.572803
1060,3x3g_HL_clean,37.2823480000001
1061,3zdx_HL_clean,44.728571
1062,3zdy_HL_clean,44.84474
1063,3zdz_EF_clean,47.764931
1064,3ze0_HL_clean,45.565826
1065,3ze2_HL_clean,46.314006
1066,3zkn_HL_clean,44.249403
1067,3zl4_HL_clean,45.4776039999999
1068,43c9_FE_clean,54.489826
1069,43ca_DC_clean,52.711538
1070,4a6y_BA_clean,48.952421
1071,4aeh_HL_clean,33.281656
1072,4aei_HL_clean,53.264115
1073,4ag4_HL_clean,45.5972429999999
1074,4al8_HL_clean,34.489491
1075,4ala_HL_clean,31.567219
1076,4amk_HL_clean,39.828952
1077,4at6_HL_clean,54.738977
1078,4bh7_BA_clean,39.091265
1079,4bh8_BA_clean,31.619073
1080,4buh_BB_clean,42.083417
1081,4bz1_HL_clean,27.583557
1082,4bz2_HL_clean,38.05052
1083,4c83_AB_clean,39.19495
1084,4cad_ED_clean,44.588809
1085,4cmh_BC_clean,49.9271579999999
1086,4cni_HL_clean,48.002172
1087,4d3c_HL_clean,38.509968
1088,4d9l_HL_clean,46.400102
1089,4d9q_ED_clean,40.69531
1090,4d9r_HL_clean,38.614566
1091,4dcq_BA_clean,65.7799640000001
1092,4dgi_HL_clean,41.7535619999999
1093,4dgv_HL_clean,54.347778
1094,4dgy_HL_clean,52.1038399999999
1095,4dkf_HL_clean,30.530558
1096,4dn3_HL_clean,46.156786
1097,4dn4_HL_clean,44.9455949999999
1098,4dqo_HL_clean,46.431805
1099,4dtg_HL_clean,48.833997
1100,4dvb_AB_clean,39.1398629999999
1101,4dvr_HL_clean,37.821938
1102,4dw2_HL_clean,40.353652
1103,4ebq_HL_clean,49.886265
1104,4edw_HL_clean,36.058026
1105,4edx_HL_clean,33.658334
1106,4ene_EF_clean,68.454993
1107,4eow_HL_clean,48.7980249999999
1108,4ers_HL_clean,34.895376
1109,4etq_HL_clean,46.6590169999999
1110,4evn_MN_clean,69.5834600000001
1111,4f15_KL_clean,45.0817450000001
1112,4f33_FE_clean,27.458807
1113,4f37_HL_clean,38.9979589999999
1114,4f3f_BA_clean,26.4844109999999
1115,4f57_HL_clean,50.05619
1116,4f58_HL_clean,47.6036760000001
1117,4fab_HL_clean,57.100101
1118,4ffv_HL_clean,31.076479
1119,4ffw_DC_clean,36.729537
1120,4ffy_HL_clean,56.69948
1121,4fnl_IM_clean,43.0209690000001
1122,4fp8_HL_clean,44.1793190000001
1123,4fq2_HL_clean,63.6436499999999
1124,4fqc_HL_clean,63.612676
1125,4fqh_HL_clean,49.888565
1126,4fqi_HL_clean,52.9280890000001
1127,4fqj_HL_clean,51.6267069999999
1128,4fql_HL_clean,41.170245
1129,4fqq_HL_clean,48.723906
1130,4fz8_HL_clean,67.831267
1131,4fze_HL_clean,55.549392
1132,4g3y_HL_clean,46.934976
1133,4g5z_HL_clean,39.390287
1134,4g6a_CD_clean,40.5679879999999
1135,4g6f_HL_clean,66.9952900000001
1136,4g6j_HL_clean,29.482441
1137,4g6k_HL_clean,23.059392
1138,4g6m_HL_clean,21.263134
1139,4g7v_HL_clean,47.6748559999999
1140,4g7y_HL_clean,43.2363
1141,4gag_HL_clean,41.5372410000001
1142,4gaj_HL_clean,45.081072
1143,4gay_AB_clean,45.7759799999999
1144,4gms_JN_clean,40.8586989999999
1145,4gmt_IM_clean,41.917169
1146,4gq9_HL_clean,42.077897
1147,4gqp_HH_clean,44.325739
1148,4gsd_HL_clean,47.969869
1149,4gw1_DC_clean,44.623914
1150,4gw4_AB_clean,35.039138
1151,4gw5_BA_clean,46.0760680000001
1152,4gxv_HL_clean,53.501029
1153,4h0g_AA_clean,58.4651189999999
1154,4h0h_BB_clean,59.2687780000001
1155,4h0i_AA_clean,59.490685
1156,4h20_HL_clean,47.0671300000001
1157,4h88_HL_clean,42.407934
1158,4h8w_HL_clean,27.70261
1159,4hbc_HL_clean,40.878259
1160,4hc1_MN_clean,29.4513
1161,4hcr_MN_clean,40.9330850000001
1162,4hdi_BA_clean,41.639766
1163,4hfw_BA_clean,34.0473150000001
1164,4hgw_BA_clean,32.084067
1165,4hh9_DC_clean,36.815769
1166,4hha_BA_clean,33.309967
1167,4hie_BA_clean,41.389885
1168,4hih_BA_clean,41.98722
1169,4hii_DC_clean,44.5802540000001
1170,4hij_BA_clean,39.005239
1171,4hix_HL_clean,42.309511
1172,4hjg_BA_clean,43.967837
1173,4hjj_HL_clean,83.4665519999998
1174,4hk0_AB_clean,47.213563
1175,4hkx_AB_clean,47.4840339999999
1176,4hkz_BA_clean,32.775094
1177,4hlz_IJ_clean,52.8746519999999
1178,4hpo_HL_clean,44.622735
1179,4hpy_HL_clean,56.682972
1180,4hqq_HL_clean,42.286399
1181,4hs6_BA_clean,36.75994
1182,4hs8_HL_clean,35.9395689999999
1183,4ht1_HL_clean,57.411355
1184,4hwb_HL_clean,38.7215910000001
1185,4hwe_HL_clean,38.747768
1186,4hxa_HL_clean,39.3086680000001
1187,4hxb_HL_clean,39.4443339999999
1188,4hzl_HL_clean,61.553401
1189,4i2x_DC_clean,36.235187
1190,4i3s_HL_clean,50.465361
1191,4i77_HL_clean,46.909842
1192,4i9w_ED_clean,40.9234610000001
1193,4ij3_CB_clean,38.8032270000001
1194,4imk_BC_clean,49.482444
1195,4iml_AB_clean,50.6163860000001
1196,4ioi_BA_clean,47.873091
1197,4irz_HL_clean,30.32171
1198,4isv_BA_clean,49.1542879999999
1199,4j1u_FE_clean,26.824242
1200,4j4p_HL_clean,51.445219
1201,4j6r_HL_clean,39.0779149999999
1202,4j8r_BA_clean,38.017906
1203,4jam_AB_clean,42.664643
1204,4jdv_AB_clean,31.279929
1205,4jfx_HL_clean,47.136071
1206,4jfy_BA_clean,46.1824049999999
1207,4jfz_HL_clean,48.473183
1208,4jg0_HL_clean,48.84768
1209,4jg1_HL_clean,48.817231
1210,4jha_HL_clean,46.6124850000001
1211,4jj5_BA_clean,50.334438
1212,4jkp_HL_clean,46.0703280000001
1213,4jlr_HL_clean,34.34386
1214,4jm4_HL_clean,55.8382949999999
1215,4jn1_HL_clean,59.2288760000001
1216,4jn2_HL_clean,55.003647
1217,4jo1_HL_clean,39.148428
1218,4jo2_HL_clean,39.4745179999999
1219,4jo3_IM_clean,48.8236220000001
1220,4jo4_HL_clean,50.640281
1221,4jpi_AB_clean,38.384677
1222,4jpk_HL_clean,29.972821
1223,4jpv_HL_clean,40.2367510000001
1224,4jpw_HL_clean,36.773312
1225,4jqi_HL_clean,55.97777
1226,4jr9_HL_clean,38.50211
1227,4jre_HL_clean,37.8070710000001
1228,4jy4_BA_clean,57.9252980000001
1229,4jy5_HL_clean,66.293084
1230,4jy6_BA_clean,57.721333
1231,4jzj_HL_clean,45.563106
1232,4jzn_IP_clean,43.4764719999999
1233,4jzo_GH_clean,44.318095
1234,4k23_HL_clean,38.6335319999999
1235,4k2u_HL_clean,38.5491269999999
1236,4k3d_IM_clean,43.9465869999999
1237,4k3e_IM_clean,27.633339
1238,4k3j_HL_clean,30.768141
1239,4k7p_YX_clean,33.218905
1240,4k94_HL_clean,38.6415889999999
1241,4k9e_HL_clean,46.3699619999999
1242,4kaq_HL_clean,43.43906
1243,4kht_HL_clean,57.446292
1244,4khx_HL_clean,71.1551980000001
1245,4ki5_EF_clean,39.7080060000001
1246,4kjq_EF_clean,63.9653369999999
1247,4kk8_EF_clean,65.328276
1248,4kk9_CD_clean,67.533371
1249,4kkl_CD_clean,67.0237699999999
1250,4kmt_HL_clean,35.741017
1251,4kph_IM_clean,43.030901
1252,4kq3_HL_clean,25.134111
1253,4kq4_HL_clean,17.362289
1254,4krp_DC_clean,47.686642
1255,4ktd_HL_clean,68.678682
1256,4kte_HL_clean,61.333203
1257,4kuz_HL_clean,23.56928
1258,4kvc_HL_clean,37.604195
1259,4kxz_QP_clean,55.1973089999999
1260,4ky1_HL_clean,45.2797299999999
1261,4kzd_HL_clean,35.685439
1262,4kze_HL_clean,35.1282599999999
1263,4l5f_HL_clean,36.465979
1264,4laq_HL_clean,48.724197
1265,4lar_HL_clean,45.480279
1266,4las_HL_clean,44.962311
1267,4lbe_AB_clean,38.2589280000001
1268,4lci_HL_clean,46.487279
1269,4lcu_AB_clean,40.4270319999999
1270,4leo_AB_clean,36.8838129999999
1271,4lex_HL_clean,42.453972
1272,4lf3_ED_clean,38.059195
1273,4liq_HL_clean,29.377242
1274,4lkc_BA_clean,35.987376
1275,4lkx_AB_clean,50.200233
1276,4llu_AB_clean,45.575143
1277,4llv_HL_clean,53.9601900000001
1278,4llw_CD_clean,54.705984
1279,4lly_AB_clean,45.335509
1280,4lmq_EI_clean,39.752856
1281,4lou_CD_clean,67.2117929999998
1282,4lqf_HL_clean,51.129149
1283,4lri_CB_clean,54.1356589999999
1284,4lrn_HL_clean,70.9306369999999
1285,4lsp_HL_clean,45.9112830000001
1286,4lsq_HL_clean,40.0024800000001
1287,4lsr_HL_clean,44.312135
1288,4lss_HL_clean,56.727124
1289,4lst_HL_clean,57.714682
1290,4lsu_HL_clean,38.660359
1291,4lu5_IM_clean,52.560814
1292,4lvh_HI_clean,54.0791410000001
1293,4lvn_CB_clean,33.7240609999999
1294,4lvo_CB_clean,36.048898
1295,4m1d_IM_clean,64.882047
1296,4m1g_HL_clean,32.146244
1297,4m43_HL_clean,52.429576
1298,4m48_HL_clean,32.9381600000001
1299,4m5y_HL_clean,54.978486
1300,4m5z_HL_clean,53.0073770000001
1301,4m61_BA_clean,18.248302
1302,4m62_IM_clean,57.058934
1303,4m6m_HL_clean,47.314546
1304,4m6n_HL_clean,48.528809
1305,4m6o_HL_clean,34.387718
1306,4m7j_HL_clean,59.264923
1307,4m7k_HL_clean,41.6528079999999
1308,4m7z_BC_clean,54.97186
1309,4m8q_AB_clean,53.14342
1310,4m93_HL_clean,56.3526600000001
1311,4ma1_BC_clean,59.158863
1312,4ma3_BA_clean,34.8661789999999
1313,4ma7_HL_clean,42.086681
1314,4ma8_HL_clean,42.270907
1315,4mau_HL_clean,35.0711059999999
1316,4msw_AB_clean,38.879888
1317,4mwf_AB_clean,37.192724
1318,4n0y_HL_clean,59.5277110000001
1319,4n8c_HL_clean,39.1521410000001
1320,4n9g_MN_clean,53.211898
1321,4ncc_HL_clean,42.47351
1322,4ngh_HL_clean,45.500871
1323,4nhc_HL_clean,42.494474
1324,4nik_BB_clean,60.5414140000001
1325,4nj9_HL_clean,39.7517330000001
1326,4nja_HL_clean,38.153083
1327,4nki_HL_clean,40.812047
1328,4nm4_IM_clean,35.699865
1329,4nnp_HL_clean,49.3324450000001
1330,4np4_HL_clean,32.146711
1331,4npy_BA_clean,44.50101
1332,4nrx_HL_clean,42.649044
1333,4nrz_HL_clean,38.401539
1334,4nug_HL_clean,58.708414
1335,4nuj_BA_clean,59.988562
1336,4nwt_HL_clean,47.374625
1337,4nwu_HL_clean,49.138277
1338,4nx3_BA_clean,25.991264
1339,4nyl_EF_clean,39.852062
1340,4nzr_HL_clean,61.010915
1341,4nzt_HL_clean,52.199745
1342,4nzu_HL_clean,43.6350080000001
1343,4o4y_HL_clean,31.872172
1344,4o51_BA_clean,32.508029
1345,4o58_HL_clean,46.3638329999999
1346,4o5l_HL_clean,40.6408619999999
1347,4o9h_HL_clean,36.1474789999999
1348,4oaw_DC_clean,37.3395680000001
1349,4ob5_HL_clean,58.4459340000001
1350,4ocr_HL_clean,52.32629
1351,4ocs_HL_clean,59.360566
1352,4ocx_HL_clean,58.2757139999999
1353,4ocy_HL_clean,56.131622
1354,4od1_HL_clean,51.108432
1355,4od3_HL_clean,44.5401650000001
1356,4odh_HL_clean,43.377968
1357,4ods_HL_clean,40.55466
1358,4odt_HL_clean,40.739062
1359,4odu_HL_clean,41.117167
1360,4odv_HL_clean,41.844924
1361,4odw_HL_clean,49.6729369999999
1362,4ogx_HL_clean,63.6747219999999
1363,4ogy_HL_clean,61.638609
1364,4ojf_HL_clean,43.5110670000001
1365,4okv_AB_clean,41.974234
1366,4olu_HL_clean,49.879922
1367,4olv_HL_clean,52.826205
1368,4olw_HL_clean,50.424513
1369,4olx_HL_clean,55.0438200000001
1370,4oly_HL_clean,49.869831
1371,4olz_HL_clean,52.1116940000001
1372,4om0_HL_clean,53.710662
1373,4om1_HL_clean,54.9775360000001
1374,4onf_HL_clean,41.2248210000001
1375,4ong_HL_clean,42.918878
1376,4osu_HL_clean,43.1070229999999
1377,4ot1_HL_clean,50.464876
1378,4otx_HL_clean,24.3948980000001
1379,4ouu_HL_clean,43.160996
1380,4p3c_HL_clean,56.036263
1381,4p3d_AB_clean,57.749169
1382,4pb0_HL_clean,47.402938
1383,4pb9_HL_clean,46.084494
1384,4plj_HL_clean,36.3427749999999
1385,4poz_DC_clean,39.818704
1386,4pp2_DC_clean,45.1316260000001
1387,4ps4_HL_clean,43.2034360000001
1388,4ptt_BA_clean,38.913933
1389,4ptu_BA_clean,40.551403
1390,4pub_HL_clean,49.854288
1391,4py7_AB_clean,46.4978050000001
1392,4py8_IJ_clean,46.107133
1393,4q0x_HL_clean,49.610562
1394,4q2z_AB_clean,56.1756209999999
1395,4qci_HL_clean,69.698742
1396,4qf1_HL_clean,47.197678
1397,4qhu_BA_clean,71.4252539999999
1398,4qt5_HL_clean,36.8500489999999
1399,4qth_AB_clean,26.189163
1400,4qww_DC_clean,38.928433
1401,4qxg_HL_clean,35.1748880000001
1402,4qxt_AB_clean,45.034634
1403,4qxu_HL_clean,56.769303
1404,4qy8_AB_clean,44.4502289999999
1405,4qyo_AB_clean,45.187051
1406,4r26_HL_clean,61.2479459999999
1407,4r3s_AB_clean,42.075069
1408,4r7d_IJ_clean,32.578906
1409,4r8w_HL_clean,49.788785
1410,4r90_HL_clean,38.413392
1411,4r97_CB_clean,36.652167
1412,4rav_AB_clean,50.570346
1413,4rbp_MK_clean,57.532725
1414,4rdq_GF_clean,40.367195
1415,4rfe_HL_clean,57.435124
1416,4rgm_CB_clean,46.48591
1417,4rgn_BC_clean,49.500347
1418,4rgo_HL_clean,45.3831169999999
1419,4rir_AB_clean,40.53345
1420,4ris_HL_clean,42.102422
1421,4rnr_CD_clean,39.6560969999999
1422,4rrp_IC_clean,39.52954
1423,4rwy_HL_clean,44.4901940000001
1424,4rzc_EF_clean,61.3323120000001
1425,4s1d_OP_clean,47.8476769999999
1426,4s1q_HL_clean,57.4662369999998
1427,4s2s_HL_clean,35.155747
1428,4toy_HL_clean,67.99387
1429,4tpr_HL_clean,53.9207499999999
1430,4tqe_HL_clean,62.420703
1431,4trp_HL_clean,48.174319
1432,4tsa_HL_clean,45.900314
1433,4tsb_HL_clean,36.684088
1434,4tsc_HL_clean,39.627936
1435,4ttd_CD_clean,49.7786640000001
1436,4tuj_AB_clean,49.935262
1437,4tuk_HL_clean,54.341268
1438,4tul_HL_clean,49.8299990000001
1439,4tuo_AB_clean,52.3375279999999
1440,4u0r_BC_clean,63.4300119999999
1441,4u6v_KM_clean,32.184242
1442,4uik_HL_clean,44.3105709999999
1443,4uil_HL_clean,52.0033209999999
1444,4uim_CD_clean,34.352707
1445,4uin_HL_clean,46.050588
1446,4ut7_HL_clean,52.0595420000001
1447,4uu9_AB_clean,60.2635679999999
1448,4uuj_AB_clean,41.573117
1449,4uv7_HL_clean,45.861833
1450,4wcy_HL_clean,43.2762839999999
1451,4web_HL_clean,25.912226
1452,4wfe_GF_clean,38.361337
1453,4wff_ED_clean,40.613746
1454,4wht_AB_clean,40.6469109999999
1455,4why_MN_clean,44.6069000000001
1456,4wuk_HL_clean,49.45065
1457,4wv1_BA_clean,43.93677
1458,4wy7_HL_clean,45.0702739999999
1459,4x0k_HL_clean,33.7722079999999
1460,4x4x_CD_clean,46.512202
1461,4x4y_CD_clean,48.8060350000001
1462,4x7s_HL_clean,30.778133
1463,4x80_HL_clean,35.437845
1464,4x8j_HL_clean,45.958605
1465,4xak_DE_clean,31.151755
1466,4xaw_HL_clean,33.750992
1467,4xbe_HL_clean,36.042636
1468,4xbg_JK_clean,48.161737
1469,4xbp_EF_clean,50.424564
1470,4xc1_HL_clean,34.533804
1471,4xc3_HL_clean,36.2029910000001
1472,4xcc_HL_clean,52.5063419999999
1473,4xce_CD_clean,49.225623
1474,4xcf_HL_clean,31.989412
1475,4xcn_HL_clean,45.1021510000001
1476,4xgz_CD_clean,42.605855
1477,4xh2_JK_clean,38.5978029999999
1478,4xml_HL_clean,46.7795110000001
1479,4xmp_HL_clean,44.335556
1480,4xnm_BA_clean,48.696779
1481,4xnu_HL_clean,34.852233
1482,4xny_HL_clean,43.2882
1483,4xp1_HL_clean,33.339562
1484,4xp4_HL_clean,35.9973200000001
1485,4xp9_HL_clean,37.5859620000001
1486,4xpa_HL_clean,35.156418
1487,4xph_HL_clean,36.3938720000001
1488,4xrc_BA_clean,48.978463
1489,4xtr_EF_clean,47.7501209999999
1490,4xvj_HL_clean,71.375733
1491,4xvs_HL_clean,38.8282929999999
1492,4xvt_HL_clean,35.03532
1493,4xvu_CD_clean,48.505895
1494,4xwg_HL_clean,53.666385
1495,4xwo_IJ_clean,49.62544
1496,4xxd_BA_clean,44.673438
1497,4xzu_EF_clean,44.027208
1498,4y5v_GH_clean,52.452552
1499,4y5y_DE_clean,45.630488
1500,4yaq_AB_clean,40.681475
1501,4ydj_AB_clean,47.997085
1502,4ydk_HL_clean,44.0112159999999
1503,4ydl_BC_clean,35.158698
1504,4ydv_HL_clean,49.3895789999999
1505,4ye4_HL_clean,44.808404
1506,4ygv_FL_clean,33.345371
1507,4yhi_AB_clean,38.1501309999999
1508,4yhk_HL_clean,35.443091
1509,4yhl_HL_clean,33.7794799999999
1510,4yhm_HL_clean,39.510317
1511,4yhn_AB_clean,35.728068
1512,4yho_HL_clean,40.639453
1513,4yhy_HL_clean,52.089473
1514,4yhz_HL_clean,54.569843
1515,4yjz_LL_clean,59.126493
1516,4yk4_CB_clean,30.769919
1517,4yny_CD_clean,34.032339
1518,4yo0_CD_clean,34.036868
1519,4yr6_AB_clean,38.8656489999999
1520,4ywg_IM_clean,51.9352119999999
1521,4yx2_HL_clean,41.746428
1522,4yxh_HL_clean,45.025018
1523,4yxk_HL_clean,43.369771
1524,4yxl_HL_clean,42.212013
1525,4z0x_BA_clean,61.449303
1526,4z8f_HL_clean,42.5726609999999
1527,4z95_HL_clean,41.623373
1528,4zd3_HL_clean,32.904058
1529,4zff_AB_clean,66.4725610000001
1530,4zfg_HL_clean,55.490997
1531,4zfo_AB_clean,46.958446
1532,4zpt_HL_clean,32.164849
1533,4zs7_HL_clean,51.2910980000001
1534,4zso_DC_clean,48.7721069999999
1535,4zto_HL_clean,53.010657
1536,4ztp_HL_clean,54.0103740000001
1537,4zyk_HL_clean,32.640418
1538,5a16_GH_clean,36.450062
1539,5a2i_HH_clean,49.803669
1540,5a2j_HH_clean,53.639638
1541,5a2k_HH_clean,53.753802
1542,5a2l_HH_clean,53.801122
1543,5aam_BB_clean,53.749599
1544,5ado_HL_clean,37.444934
1545,5adp_HL_clean,43.712615
1546,5alb_HL_clean,58.507979
1547,5alc_HL_clean,56.732367
1548,5anm_DC_clean,70.481402
1549,5aum_AB_clean,51.418608
1550,5awn_HL_clean,35.5931450000001
1551,5ayu_HL_clean,39.1027459999999
1552,5az2_HL_clean,30.019732
1553,5aze_HL_clean,40.049086
1554,5b3j_HL_clean,28.294395
1555,5b3n_AA_clean,44.6622020000001
1556,5b4m_HL_clean,47.9767190000001
1557,5b71_DC_clean,38.745314
1558,5b8c_BA_clean,58.7294599999999
1559,5bjz_DH_clean,56.950988
1560,5bk1_HL_clean,68.6427839999998
1561,5bk2_CD_clean,51.223295
1562,5bk3_EF_clean,37.764152
1563,5bo1_IM_clean,34.915427
1564,5bq7_AB_clean,45.426278
1565,5bv7_CB_clean,54.0225429999999
1566,5bvj_HG_clean,38.652486
1567,5bvp_HL_clean,33.383602
1568,5bzd_BA_clean,49.0014639999999
1569,5bzw_BA_clean,36.838632
1570,5c2b_HL_clean,50.844715
1571,5c6w_HH_clean,60.510225
1572,5c7x_MN_clean,51.73761
1573,5cba_AB_clean,52.778394
1574,5cbe_CD_clean,71.466745
1575,5cck_HL_clean,35.8650389999999
1576,5cd3_GH_clean,40.881872
1577,5cex_DC_clean,57.700051
1578,5cey_BA_clean,61.149935
1579,5cgy_CD_clean,49.323185
1580,5chn_HL_clean,47.596369
1581,5cil_HL_clean,38.789351
1582,5cin_HL_clean,33.1814799999999
1583,5cip_AB_clean,45.698113
1584,5cma_BA_clean,30.84602
1585,5cp3_HA_clean,43.360638
1586,5csz_HL_clean,33.649968
1587,5czx_HL_clean,37.300718
1588,5d6c_BA_clean,32.57205
1589,5d70_HL_clean,59.607634
1590,5d71_HL_clean,61.9225020000001
1591,5d72_MN_clean,53.9282329999999
1592,5d7s_HL_clean,66.236283
1593,5d93_CB_clean,43.882984
1594,5d96_JI_clean,34.094435
1595,5dd0_HL_clean,62.880833
1596,5dd1_HL_clean,63.449516
1597,5dd3_HL_clean,59.8823430000001
1598,5dd5_HL_clean,50.0118089999999
1599,5dd6_HL_clean,49.830818
1600,5dfv_CD_clean,37.7261060000001
1601,5dfw_HH_clean,46.318267
1602,5dhv_HL_clean,49.455255
1603,5dhx_BB_clean,48.560635
1604,5dk3_BA_clean,48.9654959999999
1605,5dlm_HL_clean,47.5080600000001
1606,5dmg_EF_clean,42.171394
1607,5do2_HL_clean,27.42159
1608,5dq9_AB_clean,41.8465860000001
1609,5dqd_HL_clean,35.712127
1610,5dqj_HL_clean,36.856114
1611,5dr5_HL_clean,41.7807679999998
1612,5drn_AB_clean,40.969169
1613,5drw_AB_clean,54.5988629999999
1614,5drx_HL_clean,57.783034
1615,5drz_HL_clean,42.0317
1616,5ds8_AB_clean,24.065435
1617,5dsc_EF_clean,41.0876290000001
1618,5dt1_HL_clean,62.111728
1619,5dtf_AB_clean,32.563127
1620,5dub_HL_clean,27.356808
1621,5dur_HL_clean,43.9509790000001
1622,5dyo_HL_clean,57.6553830000001
1623,5e08_HL_clean,36.2131179999999
1624,5e2t_HL_clean,43.1108500000001
1625,5e2u_HL_clean,43.373153
1626,5e2v_HL_clean,44.163983
1627,5e2w_HL_clean,44.3280199999999
1628,5e8d_HL_clean,34.812379
1629,5e8e_BA_clean,41.519331
1630,5e94_BA_clean,42.516122
1631,5e99_HL_clean,25.552845
1632,5ea0_HL_clean,33.8644200000001
1633,5ebl_AB_clean,38.621174
1634,5ebm_AB_clean,42.2278400000001
1635,5ebw_AB_clean,45.462744
1636,5ec1_AB_clean,42.9017889999999
1637,5ec2_AB_clean,45.3721659999999
1638,5eii_AB_clean,39.408632
1639,5en2_AB_clean,39.2451449999999
1640,5eoc_JM_clean,34.977763
1641,5eoq_HL_clean,37.779402
1642,5eor_HL_clean,46.267103
1643,5epm_AB_clean,47.097583
1644,5erw_AB_clean,46.10391
1645,5esa_AB_clean,46.398187
1646,5esq_BA_clean,47.415752
1647,5etu_BA_clean,49.9954190000001
1648,5eu7_FD_clean,52.83042
1649,5euk_DC_clean,46.792836
1650,5ewi_HL_clean,44.7815440000001
1651,5ezi_HL_clean,52.5489170000001
1652,5ezj_AB_clean,53.3120280000001
1653,5ezl_AB_clean,50.6461249999999
1654,5f3b_EF_clean,31.55375
1655,5f3h_EF_clean,33.055075
1656,5f6h_IJ_clean,41.49081
1657,5f6i_BC_clean,39.323451
1658,5f72_TT_clean,57.490819
1659,5f7e_HL_clean,33.763259
1660,5f88_BA_clean,47.460113
1661,5f89_HL_clean,33.3808620000001
1662,5f96_HL_clean,45.480232
1663,5f9o_HL_clean,39.522617
1664,5f9w_BC_clean,39.179995
1665,5fb8_BA_clean,34.334992
1666,5fcs_HH_clean,72.9710790000001
1667,5fcu_HL_clean,58.382596
1668,5ff6_DC_clean,47.67107
1669,5fgb_EB_clean,51.752175
1670,5fgc_EB_clean,51.9072629999999
1671,5fha_HL_clean,43.3562900000001
1672,5fhb_HL_clean,45.552162
1673,5fuz_HL_clean,28.752668
1674,5fxc_HH_clean,58.033721
1675,5ggq_HL_clean,31.967962
1676,5ggs_CD_clean,43.795503
1677,5ggt_HL_clean,35.918927
1678,5ggu_AB_clean,43.418923
1679,5ggv_HL_clean,39.709606
1680,5ghw_HL_clean,69.06912
1681,5gir_AB_clean,33.739723
1682,5gis_HL_clean,33.711326
1683,5gjs_HL_clean,41.95167
1684,5gkr_AB_clean,34.332123
1685,5gks_AB_clean,33.003875
1686,5gmq_BC_clean,34.274224
1687,5gru_LL_clean,78.941769
1688,5grv_LK_clean,56.90491
1689,5grw_AA_clean,85.9847529999999
1690,5grx_GG_clean,85.621319
1691,5gry_AA_clean,89.989806
1692,5grz_GG_clean,84.1729869999998
1693,5gs1_II_clean,82.378063
1694,5gs3_HH_clean,85.236061
1695,5gz0_DC_clean,37.053966
1696,5gzo_CD_clean,21.633096
1697,5h2b_AB_clean,34.47211
1698,5h35_HI_clean,63.777137
1699,5hbt_DC_clean,37.5054439999999
1700,5hbv_DC_clean,39.298355
1701,5hdq_HL_clean,30.049415
1702,5hhv_HL_clean,40.626709
1703,5hi3_HL_clean,35.8248370000001
1704,5hi4_CD_clean,33.98799
1705,5hi5_HL_clean,36.2582289999999
1706,5hpm_BA_clean,48.4221069999999
1707,5hyq_BA_clean,46.06591
1708,5hys_AB_clean,30.919471
1709,5i15_HL_clean,37.968058
1710,5i16_BA_clean,43.9768329999999
1711,5i18_HL_clean,41.725764
1712,5i19_HL_clean,35.455687
1713,5i1a_BA_clean,39.601564
1714,5i1c_HL_clean,42.627957
1715,5i1d_BA_clean,37.6817549999999
1716,5i1e_HL_clean,30.879153
1717,5i1g_HL_clean,40.9304310000001
1718,5i1h_HL_clean,33.912317
1719,5i1i_HL_clean,43.629832
1720,5i1j_HL_clean,38.594797
1721,5i1k_HL_clean,33.734417
1722,5i1l_HL_clean,34.556622
1723,5i2i_DC_clean,45.657872
1724,5i30_HL_clean,40.005879
1725,5i4f_AA_clean,61.723802
1726,5i66_AB_clean,30.677337
1727,5i76_BA_clean,44.30359
1728,5i8c_AB_clean,33.781057
1729,5i8e_AB_clean,36.815264
1730,5i8k_HL_clean,38.1937870000001
1731,5i8o_HL_clean,39.055282
1732,5ibt_HL_clean,35.8096860000001
1733,5ibu_HL_clean,38.8855679999999
1734,5icx_BA_clean,48.2622180000001
1735,5icy_DC_clean,48.918571
1736,5icz_DC_clean,48.65124
1737,5id0_DC_clean,49.438625
1738,5id1_BA_clean,46.377017
1739,5ies_HL_clean,39.777915
1740,5if0_AB_clean,45.6375599999999
1741,5ifa_HL_clean,34.0147739999999
1742,5ifh_HL_clean,43.9661869999999
1743,5ifj_JK_clean,38.50982
1744,5ig7_GH_clean,37.545378
1745,5ihu_HL_clean,25.552845
1746,5ihz_EF_clean,39.669975
1747,5iie_AB_clean,50.253321
1748,5ijk_AC_clean,43.518125
1749,5ijv_HL_clean,32.906154
1750,5ik3_CD_clean,36.635241
1751,5ikc_BA_clean,30.056167
1752,5ilt_HL_clean,27.172632
1753,5iop_BA_clean,48.898394
1754,5iq9_AB_clean,56.856672
1755,5ir1_BA_clean,48.87554
1756,5it2_HL_clean,36.750931
1757,5itb_HL_clean,46.4960289999999
1758,5itf_BA_clean,47.817127
1759,5iv2_BA_clean,49.9611769999999
1760,5ivz_BA_clean,49.110981
1761,5iwl_AA_clean,79.7042440000001
1762,5j13_CB_clean,46.718541
1763,5j74_AA_clean,75.634195
1764,5j75_BB_clean,69.6101459999999
1765,5j9p_AB_clean,41.380313
1766,5jo4_AB_clean,54.9749570000001
1767,5jo5_AB_clean,41.075844
1768,5jq6_HL_clean,49.8644659999999
1769,5jqd_CB_clean,55.642658
1770,5jr1_HL_clean,47.759781
1771,5jrp_HL_clean,44.906618
1772,5jue_HL_clean,52.592287
1773,5jw5_AB_clean,28.9922730000001
1774,5jxa_HL_clean,64.960257
1775,5jxe_GF_clean,49.721169
1776,5jyl_DD_clean,51.037503
1777,5jym_DD_clean,65.3148420000001
1778,5k59_EF_clean,23.910999
1779,5k8a_VM_clean,35.347953
1780,5k9j_HL_clean,40.8694930000001
1781,5k9k_HL_clean,43.1816970000001
1782,5kg9_AB_clean,41.855347
1783,5kjr_HL_clean,39.6936339999999
1784,5kmv_EI_clean,34.3877169999999
1785,5kn5_DE_clean,52.0534620000001
1786,5kvd_HL_clean,40.965549
1787,5kve_HL_clean,42.1506779999999
1788,5kvf_HL_clean,29.450797
1789,5kvg_HL_clean,30.214835
1790,5kw9_HL_clean,39.582189
1791,5kzp_FJ_clean,51.7588800000001
1792,5l0q_CB_clean,35.043818
1793,5l6y_HL_clean,57.271756
1794,5l7x_HL_clean,30.443813
1795,5l88_HL_clean,31.739271
1796,5l9d_HL_clean,32.5224
1797,5lbs_HL_clean,60.1169399999999
1798,5lcv_HL_clean,40.7527110000001
1799,5ldn_HL_clean,50.9787269999999
1800,5lgh_HL_clean,30.443552
1801,5lqb_HL_clean,45.143937
1802,5lsp_HL_clean,44.928076
1803,5lwy_HL_clean,51.063644
1804,5lx9_HH_clean,52.4725880000001
1805,5lxg_HL_clean,49.008854
1806,5m63_HL_clean,42.78881
1807,5mes_HL_clean,39.0829320000001
1808,5mev_HL_clean,37.33694
1809,5mhe_HL_clean,50.097696
1810,5mhg_HL_clean,51.124143
1811,5mi0_BC_clean,65.05504
1812,5mo3_HL_clean,32.7977739999999
1813,5mo9_HL_clean,52.641323
1814,5mp3_AB_clean,33.441846
1815,5mp5_AB_clean,38.65071
1816,5mp6_HL_clean,36.112818
1817,5mth_AB_clean,30.254115
1818,5mu0_IJ_clean,43.0830850000001
1819,5mu2_AB_clean,44.905299
1820,5muq_HL_clean,43.776679
1821,5mv3_CD_clean,43.995916
1822,5mv4_IJ_clean,42.5642950000001
1823,5mvj_HL_clean,34.9862559999999
1824,5mvz_HL_clean,35.850644
1825,5mx3_AB_clean,33.53655
1826,5my4_BA_clean,63.801633
1827,5myk_BA_clean,64.539376
1828,5myo_DC_clean,54.396373
1829,5myx_BA_clean,54.56085
1830,5n2k_LK_clean,38.276424
1831,5n4g_HL_clean,43.281623
1832,5n4j_HL_clean,31.0279849999999
1833,5n7b_HH_clean,51.105309
1834,5n7w_HL_clean,47.99741
1835,5nbi_HL_clean,38.8033559999999
1836,5nbw_HL_clean,40.910028
1837,5ngv_HL_clean,45.620403
1838,5nh3_IM_clean,48.955397
1839,5nhw_HL_clean,40.57289
1840,5niv_BA_clean,41.950158
1841,5nmv_HL_clean,37.160878
1842,5nph_HL_clean,39.828881
1843,5npi_AA_clean,53.012249
1844,5npj_AA_clean,53.413452
1845,5nuz_HL_clean,41.9635959999999
1846,5nyx_MN_clean,29.180277
1847,5o14_CD_clean,32.232547
1848,5o1r_HL_clean,29.28886
1849,5ob5_HL_clean,30.658929
1850,5obf_HL_clean,55.813262
1851,5oca_HL_clean,54.848888
1852,5occ_HL_clean,43.632399
1853,5ock_HL_clean,38.779104
1854,5ocx_HL_clean,38.524108
1855,5ocy_HL_clean,49.5379819999999
1856,5od0_HL_clean,51.593376
1857,5od8_AB_clean,45.269023
1858,5odb_AB_clean,46.622201
1859,5ogi_BB_clean,39.580344
1860,5otj_HL_clean,50.0645590000001
1861,5owp_HH_clean,53.809092
1862,5sx4_HL_clean,30.261065
1863,5sx5_JK_clean,29.258226
1864,5sy8_HL_clean,72.085472
1865,5szf_HL_clean,41.717326
1866,5t1k_BA_clean,47.580305
1867,5t1l_DC_clean,46.937726
1868,5t1m_DC_clean,49.512041
1869,5t29_HL_clean,64.2537159999999
1870,5t4z_AB_clean,46.1122909999999
1871,5t5b_AB_clean,74.5877300000001
1872,5t5f_HL_clean,49.7684410000001
1873,5t6l_AB_clean,76.8199349999999
1874,5t6p_DC_clean,48.2043479999999
1875,5t78_BA_clean,49.8514819999999
1876,5t80_HL_clean,70.084042
1877,5t85_HL_clean,71.733988
1878,5tbd_EF_clean,48.0784079999999
1879,5tdn_DC_clean,38.344808
1880,5tdo_BA_clean,34.387385
1881,5tdp_DC_clean,37.8158749999999
1882,5te4_HL_clean,37.1352190000001
1883,5te6_HL_clean,35.0294740000001
1884,5te7_HL_clean,33.9539250000001
1885,5tf1_HL_clean,46.5305159999999
1886,5tfs_HL_clean,40.6687019999999
1887,5tfw_HL_clean,72.4047140000002
1888,5tgb_HL_clean,44.175824
1889,5th2_DC_clean,46.207699
1890,5th9_IM_clean,37.929334
1891,5tih_HL_clean,27.518094
1892,5tjd_HL_clean,35.989859
1893,5tkj_JK_clean,58.700999
1894,5tkk_HL_clean,26.439944
1895,5tl5_HL_clean,39.56217
1896,5tlk_BA_clean,40.8890700000001
1897,5tpl_HL_clean,45.7206830000001
1898,5tpp_HL_clean,55.495897
1899,5tpw_HL_clean,36.481052
1900,5tq0_HL_clean,36.300561
1901,5tqa_HL_clean,40.214308
1902,5tr8_HL_clean,37.714614
1903,5trp_HL_clean,43.8477450000001
1904,5tz2_HL_clean,48.55153
1905,5tzt_HL_clean,46.156803
1906,5tzu_HL_clean,41.632338
1907,5u15_AB_clean,52.622951
1908,5u3d_BA_clean,42.499289
1909,5u3j_HL_clean,54.7363419999999
1910,5u3k_AB_clean,64.185394
1911,5u3l_HL_clean,61.8396269999999
1912,5u3m_HL_clean,81.826972
1913,5u3n_HL_clean,79.636648
1914,5u3o_HL_clean,60.2261160000001
1915,5u3p_HL_clean,53.874939
1916,5u4r_HL_clean,46.186841
1917,5u5f_BA_clean,46.256672
1918,5u5m_BA_clean,46.053794
1919,5u6a_BA_clean,46.1643299999999
1920,5uby_HL_clean,34.198869
1921,5ubz_HL_clean,37.298841
1922,5ucb_HL_clean,51.057555
1923,5ud9_HL_clean,52.3659370000001
1924,5uea_HL_clean,43.341729
1925,5uek_HL_clean,47.28396
1926,5uel_HL_clean,48.221409
1927,5uem_HL_clean,47.0676490000001
1928,5ugy_IM_clean,49.884616
1929,5uix_HL_clean,39.27978
1930,5ukn_HL_clean,41.1456710000001
1931,5uko_HL_clean,49.5650740000001
1932,5ukp_HL_clean,48.9054129999999
1933,5ukq_HL_clean,50.775929
1934,5ukr_HL_clean,47.915912
1935,5umn_EF_clean,41.16921
1936,5ur8_AB_clean,31.01573
1937,5ush_DE_clean,53.188034
1938,5usi_HL_clean,44.867143
1939,5usl_HL_clean,46.4329089999999
1940,5utz_FG_clean,34.628364
1941,5uxq_HL_clean,34.85891
1942,5uy3_AB_clean,41.962716
1943,5v6l_IM_clean,41.622594
1944,5v6m_HL_clean,48.677799
1945,5v7j_DE_clean,91.1337059999999
1946,5v7r_HL_clean,31.406741
1947,5v7u_HL_clean,27.914949
1948,5vag_CB_clean,36.004673
1949,5vco_BA_clean,47.290069
1950,5veb_HL_clean,22.154781
1951,5vf2_AA_clean,62.6492009999999
1952,5vf6_AA_clean,34.8050140000001
1953,5vga_BA_clean,35.175755
1954,5vh3_HL_clean,51.919711
1955,5vh4_AB_clean,48.970241
1956,5vjo_AB_clean,32.747841
1957,5vjq_CD_clean,32.525951
1958,5vk6_AB_clean,41.9460509999999
1959,5vkd_HL_clean,41.804069
1960,5vke_AB_clean,44.29357
1961,5vkh_AB_clean,42.983348
1962,5vkk_HL_clean,27.9243059999999
1963,5vlp_HL_clean,38.63998
1964,5vpg_DC_clean,48.65326
1965,5vph_DC_clean,48.466497
1966,5vpl_DC_clean,48.3800080000001
1967,5vr9_AB_clean,36.284425
1968,5vsh_CD_clean,50.7357250000001
1969,5vsi_HL_clean,24.836586
1970,5vta_KJ_clean,45.600704
1971,5vvf_HL_clean,59.37936
1972,5vxr_HL_clean,41.7334710000001
1973,5vyf_BA_clean,36.2097499999999
1974,5vz1_BA_clean,58.64822
1975,5vzr_HL_clean,50.352996
1976,5vzx_HL_clean,34.652326
1977,5vzy_HL_clean,43.410762
1978,5w05_HL_clean,46.499309
1979,5w06_HL_clean,56.197741
1980,5w08_KL_clean,47.6225620000001
1981,5w0d_BC_clean,37.664255
1982,5w1g_HL_clean,50.1287059999999
1983,5w24_HL_clean,39.854784
1984,5w2b_HL_clean,40.7580870000001
1985,5w3e_EG_clean,76.8365780000001
1986,5w3l_EG_clean,76.7714660000001
1987,5w3m_EG_clean,80.0345479999999
1988,5w3p_HL_clean,31.452956
1989,5w5x_HL_clean,36.849164
1990,5w5z_HL_clean,36.380655
1991,5w6c_HL_clean,44.609791
1992,5w6g_HL_clean,44.1882479999999
1993,5waw_HL_clean,59.282157
1994,5wb9_HL_clean,49.1001739999999
1995,5wca_HL_clean,35.8462680000001
1996,5wcc_AB_clean,36.165693
1997,5wcd_HL_clean,48.924213
1998,5weq_BA_clean,46.9052220000001
1999,5whj_HL_clean,49.15599
2000,5whk_HL_clean,48.953008
2001,5wi9_HL_clean,44.1092220000001
2002,5wk2_HL_clean,50.9239310000001
2003,5wk3_WV_clean,46.526521
2004,5wkz_HL_clean,41.979581
2005,5wl2_HL_clean,54.870575
2006,5wn9_HH_clean,69.6768150000001
2007,5wnb_HL_clean,45.096055
2008,5wt9_HL_clean,33.4988070000001
2009,5wtg_BA_clean,40.238685
2010,5wtt_AB_clean,53.48423
2011,5wuv_HL_clean,49.203766
2012,5wux_CD_clean,49.082711
2013,5wym_AA_clean,71.382295
2014,5x08_HL_clean,34.826975
2015,5x0t_AB_clean,33.105774
2016,5x4g_AB_clean,31.0071740000001
2017,5x5x_HL_clean,56.96568
2018,5x8m_BC_clean,44.32884
2019,5xaj_EC_clean,53.523419
2020,5xcq_AB_clean,48.903371
2021,5xcr_AB_clean,50.7987839999999
2022,5xcs_AB_clean,27.910868
2023,5xct_AB_clean,48.152865
2024,5xcu_DE_clean,30.527468
2025,5xcv_AB_clean,35.571453
2026,5xcx_AB_clean,42.8004680000001
2027,5xhg_DC_clean,36.979685
2028,5xj4_HL_clean,52.455848
2029,5xku_CB_clean,22.143575
2030,5xli_ca_clean,62.570401
2031,5xmh_HL_clean,48.3885649999999
2032,5xrq_HL_clean,33.462222
2033,5xwd_HD_clean,62.4149800000001
2034,5xxy_HL_clean,42.69495
2035,5y11_AB_clean,41.387142
2036,5y2k_EF_clean,61.8266
2037,5y2l_IJ_clean,53.161958
2038,5y9j_HL_clean,50.5768
2039,5y9k_HL_clean,44.755351
2040,5yax_AA_clean,40.828293
2041,5yd3_GG_clean,50.088379
2042,5yd4_GG_clean,50.185728
2043,5yd5_AA_clean,48.7780739999999
2044,5ye4_AB_clean,30.7503500000001
2045,5yfi_HL_clean,38.8689010000001
2046,5yoy_PM_clean,58.339079
2047,5ysl_GH_clean,42.0183899999999
2048,5yup_HL_clean,43.618485
2049,5ywf_DC_clean,44.667514
2050,5yy4_AA_clean,53.53881
2051,5yy5_HL_clean,62.2319640000001
2052,5zia_GL_clean,42.790036
2053,5zv3_HL_clean,31.179689
2054,6a0x_GH_clean,43.294263
2055,6a0z_HL_clean,39.715476
2056,6a3w_JK_clean,63.4844720000001
2057,6a67_CD_clean,39.419556
2058,6a76_HL_clean,47.12336
2059,6a77_HL_clean,40.377812
2060,6a78_IM_clean,49.68898
2061,6a79_HL_clean,50.7709080000001
2062,6a9k_BA_clean,59.792343
2063,6ad7_CD_clean,66.245024
2064,6adb_CD_clean,65.452659
2065,6al0_HL_clean,35.142166
2066,6al4_BA_clean,41.4169250000001
2067,6amj_HL_clean,41.599613
2068,6amm_HL_clean,41.889002
2069,6ana_HL_clean,28.9835759999999
2070,6and_HL_clean,30.591305
2071,6ani_IM_clean,39.197421
2072,6anp_HL_clean,47.6848480000001
2073,6aod_BA_clean,45.520629
2074,6apc_HL_clean,52.554964
2075,6aq7_HL_clean,36.053459
2076,6arp_DC_clean,45.356073
2077,6au5_DC_clean,47.668524
2078,6avn_HL_clean,39.957808
2079,6axk_AB_clean,58.79185
2080,6axl_AB_clean,39.857662
2081,6axp_DC_clean,48.783901
2082,6ayn_BA_clean,45.479028
2083,6ayz_BD_clean,50.364322
2084,6az2_CE_clean,46.2002819999999
2085,6azk_BA_clean,45.6596039999999
2086,6azl_BA_clean,46.1705289999999
2087,6azm_DC_clean,35.961792
2088,6azx_CD_clean,54.496373
2089,6azz_FE_clean,45.633979
2090,6b08_CB_clean,51.2083410000001
2091,6b0a_HL_clean,45.7112060000001
2092,6b0g_DC_clean,42.403788
2093,6b0h_DC_clean,33.0489269999999
2094,6b0s_HL_clean,46.2534319999999
2095,6b0w_HL_clean,49.065911
2096,6b14_HL_clean,36.0192100000001
2097,6b3d_HL_clean,48.929915
2098,6b3k_HL_clean,35.761166
2099,6b3s_CD_clean,52.3134490000001
2100,6b5l_HL_clean,31.98216
2101,6b5m_HL_clean,30.754352
2102,6b5n_HL_clean,31.294257
2103,6b5o_HL_clean,32.266944
2104,6b5p_HL_clean,41.9271290000001
2105,6b5r_HL_clean,39.755648
2106,6b5s_HL_clean,41.6750160000001
2107,6b5t_HL_clean,40.102165
2108,6b6z_BA_clean,52.840248
2109,6b9j_AB_clean,39.678342
2110,6b9y_BA_clean,45.462856
2111,6b9z_BA_clean,43.648758
2112,6bae_BA_clean,46.300441
2113,6bah_BA_clean,46.6085329999999
2114,6bb4_IM_clean,37.011099
2115,6bck_HL_clean,38.171279
2116,6be2_HL_clean,43.073419
2117,6be3_HL_clean,43.191594
2118,6be4_HL_clean,42.5147989999999
2119,6bf4_BC_clean,42.889341
2120,6bfq_HL_clean,25.926669
2121,6bfs_HL_clean,25.792819
2122,6bft_AB_clean,40.653898
2123,6bgt_BA_clean,35.451036
2124,6bhz_IM_clean,32.589181
2125,6bi0_HL_clean,33.0090029999999
2126,6bi2_HL_clean,29.4108000000001
2127,6bit_JL_clean,51.246949
2128,6bkb_HL_clean,35.985606
2129,6bkc_HL_clean,46.9859040000001
2130,6bla_HL_clean,49.223865
2131,6blh_HL_clean,44.722433
2132,6bli_DE_clean,40.239185
2133,6bpa_EF_clean,49.4036030000001
2134,6bpb_AB_clean,39.1611660000001
2135,6bpc_BC_clean,41.794922
2136,6bpd_AB_clean,70.1839389999999
2137,6bqb_HL_clean,46.236693
2138,6by2_AB_clean,42.806046
2139,6by3_AB_clean,41.644664
2140,6bzu_GH_clean,36.033793
2141,6bzv_CD_clean,41.602284
2142,6bzw_CD_clean,44.418716
2143,6bzy_HL_clean,56.1839119999999
2144,6c5h_HL_clean,58.840354
2145,6c5i_HL_clean,61.505988
2146,6c5j_HL_clean,50.0994890000001
2147,6c5k_HL_clean,51.190832
2148,6c6x_EF_clean,27.872486
2149,6c6z_HL_clean,53.1718119999999
2150,6c9u_HL_clean,59.766283
2151,6ca6_HL_clean,51.851062
2152,6ca7_HL_clean,47.808794
2153,6ca9_DC_clean,35.75493
2154,6cbj_HL_clean,50.14832
2155,6cbp_AA_clean,56.877571
2156,6cbv_HL_clean,38.235358
2157,6cdm_AB_clean,58.3189840000001
2158,6cdo_AB_clean,51.046684
2159,6cdp_AB_clean,52.676986
2160,6cez_HL_clean,52.2623209999999
2161,6cjk_BA_clean,47.262031
2162,6ck9_HL_clean,60.186181
2163,6cmg_CB_clean,41.874549
2164,6cmi_DC_clean,38.2280970000001
2165,6cnr_HL_clean,30.26768
2166,6co3_HL_clean,27.4914030000001
2167,6cr1_HL_clean,41.436379
2168,6crk_HH_clean,57.886069
2169,6ct7_HL_clean,46.8022130000001
2170,6cvk_AA_clean,44.0467090000001
2171,6cw2_AB_clean,55.5408010000001
2172,6cw3_CD_clean,57.504509
2173,6cxg_HL_clean,57.8715820000001
2174,6cyf_FE_clean,45.147976
2175,6d0x_AB_clean,47.8910890000001
2176,6d2p_HL_clean,37.530636
2177,6db5_HL_clean,37.714673
2178,6db6_HL_clean,46.571587
2179,6db7_IM_clean,49.083439
2180,6db8_HL_clean,31.829937
2181,6db9_HL_clean,38.106387
2182,6dc4_HL_clean,53.1941250000001
2183,6dc7_HL_clean,58.075489
2184,6dc8_HL_clean,54.686472
2185,6dc9_HL_clean,27.231546
2186,6dca_JN_clean,41.4759950000001
2187,6dcv_HL_clean,33.66255
2188,6dcw_HL_clean,31.491294
2189,6ddm_BA_clean,47.242907
2190,6ddr_BA_clean,36.48231
2191,6ddv_BA_clean,42.5076249999999
2192,6df0_HL_clean,34.808463
2193,6df1_HL_clean,30.298126
2194,6df2_HL_clean,30.917294
2195,6dfi_HL_clean,40.711979
2196,6dfj_HL_clean,44.1589709999999
2197,6dg2_AB_clean,35.3784900000001
2198,6dkj_HL_clean,38.7369720000001
2199,6dla_HL_clean,52.2187450000001
2200,6dlb_HL_clean,49.488896
2201,6dn0_AB_clean,54.105161
2202,6dsi_AA_clean,60.462218
2203,6dw2_BA_clean,41.294136
2204,6dwc_HL_clean,35.6771800000001
2205,6dwi_FE_clean,34.748384
2206,6dzn_HL_clean,58.24438
2207,6dzr_HL_clean,39.240153
2208,6e3h_HL_clean,56.545184
2209,6e4x_ZY_clean,49.024426
2210,6e4y_HL_clean,47.770211
2211,6e4z_HL_clean,44.358573
2212,6e56_GI_clean,40.148264
2213,6e62_HL_clean,45.890777
2214,6e63_HL_clean,37.1258529999999
2215,6e65_HL_clean,43.421404
2216,6e9g_AB_clean,32.18212
2217,6e9h_AB_clean,28.969223
2218,6e9i_CD_clean,38.713877
2219,6e9k_AB_clean,31.497133
2220,6e9u_AB_clean,40.509802
2221,6ehv_XX_clean,50.436554
2222,6ehw_BB_clean,54.405633
2223,6ehx_BB_clean,61.363055
2224,6ehy_BB_clean,56.552057
2225,6ejg_DD_clean,56.2299219999999
2226,6ejm_II_clean,68.840494
2227,6ek2_HH_clean,46.140501
2228,6ele_HL_clean,31.1445360000001
2229,6elj_HL_clean,31.793798
2230,6ell_HL_clean,31.102449
2231,6elu_KL_clean,39.545223
2232,6emj_AB_clean,39.200262
2233,6erx_FG_clean,53.179281
2234,6ev2_AB_clean,41.321157
2235,6ewb_JK_clean,43.071261
2236,6eyn_DC_clean,38.782723
2237,6f7t_BA_clean,52.56838
2238,6fab_HL_clean,40.1720399999999
2239,6fax_HL_clean,29.890451
2240,6fbj_HL_clean,42.776225
2241,6ffj_EE_clean,52.42631
2242,6fg1_HL_clean,31.307164
2243,6fg2_IM_clean,34.711308
2244,6fgb_HL_clean,51.735844
2245,6fla_HL_clean,37.6087
2246,6flb_HL_clean,37.579997
2247,6flc_BA_clean,28.306204
2248,6foe_AB_clean,38.832832
2249,6frj_HH_clean,51.8465779999999
2250,6fxn_DE_clean,51.4610609999999
2251,6fy0_IM_clean,47.224819
2252,6fy2_XY_clean,46.632665
2253,6fy3_HL_clean,52.764069
2254,6fzq_HH_clean,53.891118
2255,6fzr_HH_clean,53.088939
2256,6g8r_AA_clean,55.7832250000001
2257,6gc2_HL_clean,26.245416
2258,6gfe_HL_clean,30.145377
2259,6ghg_HL_clean,40.43028
2260,6gk7_HL_clean,35.9533439999999
2261,6gk8_HL_clean,33.0308300000001
2262,6gku_HL_clean,34.077747
2263,6glw_HL_clean,42.7226050000001
2264,6gv4_HL_clean,43.759099
2265,6gxx_HL_clean,52.512346
2266,6h06_EF_clean,33.2934130000001
2267,6h0e_CD_clean,31.55375
2268,6h2y_HL_clean,54.084653
2269,6h3h_AB_clean,47.933232
2270,6h3t_IM_clean,50.285344
2271,6hf1_FE_clean,45.130781
2272,6hhc_HL_clean,40.922828
2273,6hig_HL_clean,43.315553
2274,6hkg_AB_clean,43.1492120000001
2275,6hxw_CD_clean,28.124327
2276,6i07_BB_clean,76.252631
2277,6i8s_GK_clean,35.531169
2278,6i9i_HL_clean,33.707998
2279,6iap_HL_clean,21.648908
2280,6ias_HL_clean,20.956108
2281,6icc_HL_clean,36.38161
2282,6idg_HL_clean,46.405707
2283,6idh_HL_clean,45.651048
2284,6iea_HL_clean,42.3488729999999
2285,6ieb_HL_clean,49.011318
2286,6iek_BC_clean,48.428814
2287,6igu_HL_clean,58.7405870000001
2288,6iut_HL_clean,34.358522
2289,6iuv_CD_clean,47.626274
2290,6ivz_HL_clean,55.8513969999999
2291,6iw2_HI_clean,53.110948
2292,6j5d_HL_clean,36.182652
2293,6j5f_HL_clean,37.054941
2294,6j6y_BC_clean,45.858371
2295,6j71_BB_clean,52.4244269999999
2296,6jbt_HL_clean,51.0571
2297,6jc2_HL_clean,47.766829
2298,6jep_HL_clean,31.8999289999999
2299,6k4z_AA_clean,52.177037
2300,6k65_HL_clean,56.70918
2301,6m87_JI_clean,38.359675
2302,6me1_AB_clean,31.1296040000001
2303,6med_GI_clean,34.370955
2304,6mee_AB_clean,48.331424
2305,6mef_HL_clean,32.1900419999999
2306,6meg_HL_clean,47.250562
2307,6meh_HL_clean,48.069158
2308,6mei_HL_clean,36.3428319999999
2309,6mej_HL_clean,36.132458
2310,6mfj_HL_clean,34.263547
2311,6mft_AB_clean,32.175112
2312,6mg7_HL_clean,34.7773490000001
2313,6mh2_BA_clean,39.721472
2314,6mhr_DE_clean,59.9349239999999
2315,6mi2_DE_clean,58.1328329999999
2316,6ml8_HL_clean,41.177602
2317,6mlk_HL_clean,49.8858260000001
2318,6mnf_MK_clean,56.1882
2319,6mnq_HL_clean,55.7162159999999
2320,6mnr_HL_clean,52.0588119999999
2321,6mns_AB_clean,53.26011
2322,6mqc_AB_clean,72.3637459999999
2323,6mqe_AB_clean,53.602397
2324,6mqr_HL_clean,52.997383
2325,6mqs_CD_clean,58.208454
2326,6msy_HL_clean,61.104448
2327,6mtj_HL_clean,59.277027
2328,6mtn_HL_clean,60.181331
2329,6mto_HL_clean,50.723402
2330,6mtp_HL_clean,52.756655
2331,6mtq_HL_clean,50.942323
2332,6mtr_HL_clean,44.205934
2333,6mts_HL_clean,55.4446479999999
2334,6mtt_HL_clean,49.4425469999999
2335,6mu3_HL_clean,59.2494269999999
2336,6mu6_HL_clean,58.6223889999999
2337,6mu7_HL_clean,58.252026
2338,6mu8_HL_clean,58.885276
2339,6mub_MK_clean,59.318558
2340,6muf_DE_clean,74.584298
2341,6mug_HL_clean,58.016429
2342,6mv5_HL_clean,45.156286
2343,6mwn_CD_clean,34.2379980000001
2344,6mxr_AB_clean,38.768196
2345,6mxs_AB_clean,41.2665809999999
2346,6my4_AB_clean,35.8251700000001
2347,6my5_AB_clean,45.056547
2348,6n16_KJ_clean,55.277033
2349,6n32_KM_clean,59.4736490000001
2350,6n35_MK_clean,59.4332309999999
2351,6n6b_KL_clean,34.070654
2352,6n7u_AB_clean,37.295583
2353,6n81_HL_clean,27.8638969999999
2354,6nb8_HL_clean,35.1593209999999
2355,6ncp_AB_clean,36.9146849999999
2356,6nfu_AB_clean,43.49109
2357,6nfv_AB_clean,43.237433
2358,6nm6_DE_clean,69.828194
2359,6nmr_AB_clean,51.588129
2360,6nms_BA_clean,45.1121540000001
2361,6nmt_BA_clean,39.184443
2362,6nmu_BA_clean,43.508471
2363,6nmv_HL_clean,41.8348400000001
2364,6nnf_UV_clean,52.1734700000001
2365,6nnj_UV_clean,69.0718499999998
2366,6nou_AA_clean,72.795657
2367,6nov_CD_clean,53.031228
2368,6o39_BA_clean,39.652016
2369,6o3a_BA_clean,44.42195
2370,6o3b_GE_clean,45.0545120000001
2371,6oan_BB_clean,56.450488
2372,6obd_HL_clean,42.0047980000001
2373,6obz_AB_clean,30.898644
2374,6oc3_CD_clean,30.783708
2375,6ocb_HL_clean,28.2074770000001
2376,6ogx_CD_clean,24.110803
2377,6okm_HL_clean,36.059484
2378,6ol5_AB_clean,37.961909
2379,6ol6_AB_clean,31.4017
2380,6ol7_HL_clean,43.932841
2381,6otc_HL_clean,52.004472
2382,6oy4_DC_clean,44.18411
2383,6pa0_AB_clean,42.3082410000001
2384,6pcu_IH_clean,55.3957670000001
2385,6pe7_HL_clean,40.06563
2386,6pe8_HL_clean,37.676356
2387,6phb_DC_clean,29.025586
2388,6phc_AB_clean,58.86591
2389,6phg_AB_clean,52.113195
2390,6phh_CD_clean,64.077097
2391,6pxg_CD_clean,41.763414
2392,6pxh_CD_clean,41.606209
2393,6qcu_HL_clean,27.969588
2394,6qig_HL_clean,39.056433
2395,6qn7_AB_clean,48.8982389999999
2396,6qn8_GI_clean,58.871244
2397,6qn9_HL_clean,44.91572
2398,6qna_EF_clean,58.5231500000001
2399,6qnk_DC_clean,54.7697150000001
2400,6r8x_CB_clean,59.6977799999999
2401,6rco_AB_clean,46.8289839999999
2402,6rcq_AB_clean,51.711292
2403,6rcs_AB_clean,48.1450829999999
2404,6s5a_HL_clean,52.959817
2405,6tyb_HL_clean,41.472622
2406,6u1t_HL_clean,49.2711179999999
2407,7fab_HL_clean,47.6986540000001
2408,8fab_BA_clean,46.379587
